doc_id,group,period,channel,blame,colored,unsure
31297,C_after,after,mardanaka,net_atribucii,False,
3235,A_after_sample,after,PravdaShuravi,ispolniteli,True,
28447,C_after,after,holmogor_talks,sistema,True,
257,C_after,after,ASWman,sistema,True,
41487,A_after_sample,after,readovkanews,ispolniteli,True,
9403,intersection,before,SolovievLive,net_atribucii,False,
41401,A_after_sample,after,readovkanews,ispolniteli,False,
35259,C_after,after,nationconsunion,ispolniteli,True,
318,C_after,after,ASWman,net_atribucii,True,
32532,C_after,after,mig41,net_atribucii,False,
36632,C_after,after,new_militarycolumnist,net_atribucii,False,
34077,C_after,after,milinfolive,ispolniteli,True,
2775,intersection,before,Agdchan,net_atribucii,False,
50142,C_after,after,rybar,sistema,True,
51184,A_after_sample,after,sashakots,net_atribucii,False,
32460,C_after,after,mig41,net_atribucii,False,
51456,intersection,before,sashakots,net_atribucii,False,
46886,C_after,after,russia_nacionalist,sistema,True,
25403,C_after,after,epoddubny,vneshnij,True,
61165,C_after,after,warhistoryalconafter,ispolniteli,True,
5781,C_after,after,SolovievLive,net_atribucii,False,
18169,C_after,after,bomber_fighter,net_atribucii,True,
18384,C_after,after,boris_rozhin,sistema,True,
31345,C_after,after,mardanaka,ispolniteli,True,
46694,A_after_sample,after,rusfleet,ispolniteli,True,
28250,C_after,after,Hard_Blog_Line,ispolniteli,True,
35260,C_after,after,nationconsunion,ispolniteli,True,
207,A_after_sample,after,ASWman,meta_ironiya,True,
55582,C_after,after,voenacher,net_atribucii,False,
41494,C_after,after,readovkanews,vneshnij,False,
31315,C_after,after,mardanaka,sistema,True,
48449,C_after,after,RVvoenkor,net_atribucii,False,
3784,C_after,after,SIL0VIKI,sistema,True,
28244,C_after,after,Hard_Blog_Line,net_atribucii,True,
52983,C_after,after,vadim_trukhachyov,sistema,True,
61206,C_after,after,warhistoryalconafter,ispolniteli,True,
44749,C_after,after,rightcourse,sistema,True,
24217,C_after,after,dva_majors,meta_ironiya,True,
27587,intersection,before,golosmordora1,sistema,True,
46452,C_after,after,RSaponkov,sistema,True,
51159,C_after,after,sashakots,net_atribucii,False,
17241,C_after,after,Ural_Otvag2022,net_atribucii,False,
5722,A_after_sample,after,SolovievLive,net_atribucii,False,
27486,C_after,after,golosmordora1,net_atribucii,False,
35404,intersection,before,nationconsunion,net_atribucii,False,
24194,C_after,after,dva_majors,sistema,True,
44802,C_after,after,rightcourse,sistema,True,
3222,A_after_sample,after,PravdaShuravi,ispolniteli,True,
21663,intersection,before,chvkmedia,net_atribucii,False,
33234,intersection,before,mig41,net_atribucii,False,
36643,C_after,after,new_militarycolumnist,net_atribucii,False,
52131,C_after,after,soldat_prav,sistema,True,
52922,C_after,after,vadim_trukhachyov,sistema,True,
27765,intersection,before,golosmordora1,net_atribucii,False,
1335,C_after,after,AdekVatnye_novosty,net_atribucii,False,
24151,C_after,after,dva_majors,sistema,True,
25391,C_after,after,epoddubny,net_atribucii,False,
57357,C_after,after,WarDonbass,ispolniteli,True,
61313,A_after_sample,after,warhistoryalconafter,net_atribucii,False,
23157,C_after,after,donrf22,net_atribucii,False,
1258,C_after,after,AdekVatnye_novosty,net_atribucii,False,
64993,A_after_sample,after,yurasumy,vneshnij,True,
37820,C_after,after,olegsepar,ispolniteli,True,
160,C_after,after,ASWman,sistema,True,
57411,C_after,after,WarDonbass,sistema,True,
328,C_after,after,ASWman,net_atribucii,False,
18293,C_after,after,boris_rozhin,net_atribucii,False,
38690,A_after_sample,after,opoveshenie,ispolniteli,True,
48448,intersection,after,RVvoenkor,ispolniteli,False,
48444,C_after,after,RVvoenkor,net_atribucii,False,
47078,intersection,before,russia_nacionalist,net_atribucii,False,
41355,A_after_sample,after,readovkanews,ispolniteli,False,
46449,C_after,after,RSaponkov,sistema,True,
34432,C_after,after,militarymaps,sistema,True,
52004,C_after,after,sibrednek,sistema,True,
17966,A_after_sample,after,astramilitarum,ispolniteli,True,
969,intersection,before,ASWman,net_atribucii,False,
44826,C_after,after,rightcourse,ispolniteli,True,
32546,A_after_sample,after,mig41,net_atribucii,False,
44716,C_after,after,rightcourse,sistema,True,
3747,C_after,after,SIL0VIKI,net_atribucii,False,
20399,intersection,after,chvkmedia,sistema,True,
41306,A_after_sample,after,readovkanews,ispolniteli,False,
31358,C_after,after,mardanaka,sistema,True,True
23859,intersection,before,donrf22,ispolniteli,True,
178,C_after,after,ASWman,sistema,True,
52946,intersection,after,vadim_trukhachyov,ispolniteli,True,
24221,C_after,after,dva_majors,sistema,True,
6060,C_after,after,SolovievLive,net_atribucii,False,
40365,C_after,after,podled,ispolniteli,True,
3246,C_after,after,PravdaShuravi,net_atribucii,False,
18333,A_after_sample,after,boris_rozhin,vneshnij,True,
61178,A_after_sample,after,warhistoryalconafter,ispolniteli,False,
44668,C_after,after,rightcourse,sistema,True,
28452,C_after,after,holmogor_talks,sistema,True,
3241,C_after,after,PravdaShuravi,sistema,True,
1276,C_after,after,AdekVatnye_novosty,net_atribucii,False,
37791,C_after,after,olegsepar,net_atribucii,False,
6270,C_after,after,SolovievLive,net_atribucii,False,
16716,A_after_sample,after,SonOfMonarchy,ispolniteli,True,
44793,C_after,after,rightcourse,sistema,True,
188,C_after,after,ASWman,sistema,True,
44295,intersection,before,readovkanews,net_atribucii,False,
44654,C_after,after,rightcourse,net_atribucii,False,
1249,C_after,after,AdekVatnye_novosty,sistema,True,
37876,C_after,after,olegsepar,ispolniteli,True,
44685,C_after,after,rightcourse,sistema,True,
23198,C_after,after,donrf22,sistema,True,
39378,intersection,before,opoveshenie,net_atribucii,False,
45185,intersection,before,rightcourse,putin_lichno,True,
140,C_after,after,ASWman,vneshnij,True,
27757,intersection,before,golosmordora1,sistema,True,
48,A_after_sample,after,ASWman,net_atribucii,False,
2482,intersection,before,Agdchan,net_atribucii,False,
61320,intersection,after,warhistoryalconafter,net_atribucii,False,
28436,C_after,after,holmogor_talks,sistema,True,
25397,C_after,after,epoddubny,net_atribucii,False,
40383,C_after,after,podled,sistema,True,
56342,C_after,after,voenkorKotenok,sistema,True,
20365,C_after,after,chvkmedia,sistema,True,
324,C_after,after,ASWman,sistema,True,
61222,A_after_sample,after,warhistoryalconafter,net_atribucii,False,
52937,A_after_sample,after,vadim_trukhachyov,ispolniteli,True,
32454,intersection,after,mig41,meta_ironiya,True,
61102,intersection,before,wargonzo,net_atribucii,False,
18331,C_after,after,boris_rozhin,vneshnij,True,
36595,intersection,before,nationconsunion,net_atribucii,False,
44753,C_after,after,rightcourse,net_atribucii,False,
10022,intersection,before,SolovievLive,net_atribucii,False,
3262,C_after,after,PravdaShuravi,meta_ironiya,True,
36667,C_after,after,new_militarycolumnist,net_atribucii,False,
50172,C_after,after,rybar,net_atribucii,False,
28426,C_after,after,holmogor_talks,sistema,True,
24238,C_after,after,dva_majors,sistema,True,
61464,C_after,after,warhistoryalconafter,ispolniteli,True,
36628,C_after,after,new_militarycolumnist,net_atribucii,False,
40356,A_after_sample,after,podled,ispolniteli,True,
46888,C_after,after,russia_nacionalist,vneshnij,False,False
28249,C_after,after,Hard_Blog_Line,vneshnij,True,False
1332,C_after,after,AdekVatnye_novosty,ispolniteli,True,False
52,A_after_sample,after,ASWman,ispolniteli,True,False
2956,A_after_sample,after,CVOixZ,ispolniteli,True,False
18377,C_after,after,boris_rozhin,ispolniteli,False,False
31347,A_after_sample,after,mardanaka,sistema,True,False
28402,C_after,after,holmogor_talks,sistema,True,False
61417,intersection,after,warhistoryalconafter,meta_ironiya,True,False
36641,C_after,after,new_militarycolumnist,ispolniteli,False,False
35247,C_after,after,nationconsunion,sistema,True,False
28446,C_after,after,holmogor_talks,sistema,True,False
24204,intersection,after,dva_majors,meta_ironiya,True,False
3185,C_after,after,PravdaShuravi,sistema,True,False
23286,A_after_sample,after,donrf22,ispolniteli,True,False
3787,C_after,after,SIL0VIKI,sistema,False,False
56926,C_after,after,vysokygovorit,sistema,True,False
276,C_after,after,ASWman,sistema,True,False
22799,C_after,after,DonbassYasinovatayanaliniiOgnia,net_atribucii,False,False
53666,C_after,after,veteranrossii_online,net_atribucii,False,False
28421,C_after,after,holmogor_talks,sistema,True,False
61416,A_after_sample,after,warhistoryalconafter,ispolniteli,True,False
272,C_after,after,ASWman,net_atribucii,False,False
3739,C_after,after,SIL0VIKI,sistema,True,False
31250,A_after_sample,after,mardanaka,ispolniteli,True,False
25422,C_after,after,epoddubny,net_atribucii,False,False
35271,A_after_sample,after,nationconsunion,ispolniteli,True,False
32536,C_after,after,mig41,sistema,True,False
40076,A_after_sample,after,panteri_panteri,sistema,True,False
16687,intersection,after,SonOfMonarchy,meta_ironiya,True,False
35250,C_after,after,nationconsunion,ispolniteli,False,False
16689,C_after,after,SonOfMonarchy,vneshnij,True,False
102,C_after,after,ASWman,sistema,True,True
64997,A_after_sample,after,yurasumy,ispolniteli,True,False
1277,C_after,after,AdekVatnye_novosty,net_atribucii,False,False
61277,A_after_sample,after,warhistoryalconafter,net_atribucii,False,False
52124,A_after_sample,after,soldat_prav,net_atribucii,False,False
24225,C_after,after,dva_majors,sistema,True,False
54258,intersection,before,veteranrossii_online,net_atribucii,False,False
56343,C_after,after,voenkorKotenok,vneshnij,True,False
44729,A_after_sample,after,rightcourse,ispolniteli,True,False
326,C_after,after,ASWman,sistema,True,False
44754,C_after,after,rightcourse,net_atribucii,False,False
190,intersection,after,ASWman,ispolniteli,True,False
44715,A_after_sample,after,rightcourse,sistema,True,False
22817,intersection,before,DonbassYasinovatayanaliniiOgnia,kreml_ap,True,False
5475,intersection,after,Sladkov_plus,net_atribucii,False,False
17300,C_after,after,ZAnashihPugachev,sistema,True,False
34085,A_after_sample,after,milinfolive,sistema,True,False
23129,C_after,after,donrf22,sistema,True,False
59,C_after,after,ASWman,net_atribucii,False,False
20391,A_after_sample,after,chvkmedia,ispolniteli,True,False
18295,A_after_sample,after,boris_rozhin,ispolniteli,False,False
56913,C_after,after,vysokygovorit,sistema,True,False
44758,C_after,after,rightcourse,sistema,True,False
31060,A_after_sample,after,kramnikcat,sistema,True,False
46874,intersection,after,russia_nacionalist,ispolniteli,True,False
1330,C_after,after,AdekVatnye_novosty,net_atribucii,False,False
48517,A_after_sample,after,RVvoenkor,ispolniteli,False,False
31349,C_after,after,mardanaka,ispolniteli,True,False
3769,C_after,after,SIL0VIKI,net_atribucii,False,False
3779,C_after,after,SIL0VIKI,vneshnij,True,False
53702,C_after,after,veteranrossii_online,ispolniteli,True,False
40319,C_after,after,podled,sistema,True,False
17967,A_after_sample,after,astramilitarum,ispolniteli,True,False
3785,C_after,after,SIL0VIKI,sistema,True,False
61186,C_after,after,warhistoryalconafter,net_atribucii,False,False
25416,C_after,after,epoddubny,net_atribucii,False,False
41444,A_after_sample,after,readovkanews,ispolniteli,False,False
64999,A_after_sample,after,yurasumy,ispolniteli,False,False
24219,intersection,after,dva_majors,meta_ironiya,True,False
36654,C_after,after,new_militarycolumnist,net_atribucii,False,False
1334,A_after_sample,after,AdekVatnye_novosty,sistema,True,False
37824,C_after,after,olegsepar,sistema,True,False
20358,C_after,after,chvkmedia,net_atribucii,False,False
246,C_after,after,ASWman,net_atribucii,False,False
25691,A_after_sample,after,first_political,ispolniteli,False,False
32474,A_after_sample,after,mig41,ispolniteli,False,False
28377,intersection,after,holmogor_talks,ispolniteli,True,False
41393,A_after_sample,after,readovkanews,ispolniteli,True,False
12329,intersection,before,SolovievLive,kreml_ap,False,False
24250,C_after,after,dva_majors,net_atribucii,False,False
6181,C_after,after,SolovievLive,net_atribucii,False,False
65468,C_after,after,zeleniy_krai,net_atribucii,False,False
56826,C_after,after,voyskozabotaOPSB,sistema,True,False
44742,C_after,after,rightcourse,sistema,True,False
6122,C_after,after,SolovievLive,net_atribucii,False,False
226,A_after_sample,after,ASWman,ispolniteli,True,False
37559,A_after_sample,after,notes_veterans,ispolniteli,False,False
61248,A_after_sample,after,warhistoryalconafter,ispolniteli,False,False
46878,C_after,after,russia_nacionalist,sistema,True,False
28614,intersection,before,holmogor_talks,ispolniteli,True,False
23269,C_after,after,donrf22,sistema,True,False
22794,C_after,after,DonbassYasinovatayanaliniiOgnia,sistema,False,False
17399,A_after_sample,after,Za_PobedyZaRF,net_atribucii,False,False
45897,intersection,before,rightcourse,peskov,True,False
24247,C_after,after,dva_majors,net_atribucii,False,False
55135,intersection,before,veteranrossii_online,net_atribucii,False,False
41499,A_after_sample,after,readovkanews,ispolniteli,True,False
50148,C_after,after,rybar,net_atribucii,False,False
18340,C_after,after,boris_rozhin,sistema,False,False
18302,A_after_sample,after,boris_rozhin,ispolniteli,True,False
44673,C_after,after,rightcourse,sistema,True,False
29212,C_after,after,istorijaoruzijaZ,sistema,True,False
44675,A_after_sample,after,rightcourse,ispolniteli,False,False
32486,C_after,after,mig41,net_atribucii,False,False
51961,C_after,after,sevslavo,net_atribucii,False,True
52947,C_after,after,vadim_trukhachyov,sistema,True,False
28242,C_after,after,Hard_Blog_Line,sistema,True,False
5767,A_after_sample,after,SolovievLive,ispolniteli,True,False
24224,C_after,after,dva_majors,ispolniteli,True,False
34064,C_after,after,milinfolive,net_atribucii,False,False
32468,A_after_sample,after,mig41,ispolniteli,True,False
52941,C_after,after,vadim_trukhachyov,sistema,True,False
60974,intersection,before,wargonzo,kreml_ap,False,False
83,A_after_sample,after,ASWman,ispolniteli,True,False
52903,C_after,after,vadim_trukhachyov,sistema,True,False
24989,intersection,before,dva_majors,net_atribucii,False,False
50937,A_after_sample,after,sanya_florida,sistema,True,False
24215,C_after,after,dva_majors,ispolniteli,True,False
28,intersection,after,ASWman,sistema,True,False
46439,C_after,after,RSaponkov,net_atribucii,False,False
61395,C_after,after,warhistoryalconafter,ispolniteli,True,False
23124,C_after,after,donrf22,sistema,True,False
18153,C_after,after,bomber_fighter,sistema,True,False
40652,intersection,before,podled,net_atribucii,False,False
61207,A_after_sample,after,warhistoryalconafter,ispolniteli,False,False
25645,C_after,after,first_political,vneshnij,True,False
303,C_after,after,ASWman,sistema,True,False
41745,intersection,before,readovkanews,peskov,False,False
55457,C_after,after,vlagr,ispolniteli,True,False
23153,C_after,after,donrf22,ispolniteli,True,False
37779,C_after,after,olegsepar,ispolniteli,True,False
37827,C_after,after,olegsepar,vneshnij,True,False
55478,A_after_sample,after,vlagr,ispolniteli,True,False
48465,C_after,after,RVvoenkor,net_atribucii,False,False
24208,C_after,after,dva_majors,vneshnij,False,False
50145,C_after,after,rybar,vneshnij,True,False
23307,C_after,after,donrf22,meta_ironiya,True,False
883,intersection,before,ASWman,net_atribucii,False,False
5905,C_after,after,SolovievLive,net_atribucii,False,False
52143,C_after,after,soldat_prav,sistema,True,False
49,A_after_sample,after,ASWman,ispolniteli,True,False
53683,C_after,after,veteranrossii_online,net_atribucii,False,False
56357,C_after,after,voenkorKotenok,ispolniteli,False,False
100,C_after,after,ASWman,sistema,True,False
277,C_after,after,ASWman,ispolniteli,True,False
46441,C_after,after,RSaponkov,sistema,True,False
18152,C_after,after,bomber_fighter,vneshnij,True,False
27498,C_after,after,golosmordora1,sistema,True,False
23262,C_after,after,donrf22,sistema,True,False
18282,A_after_sample,after,boris_rozhin,net_atribucii,False,False
3773,C_after,after,SIL0VIKI,sistema,True,False
29106,C_after,after,ikakprosto,sistema,True,False
52945,C_after,after,vadim_trukhachyov,ispolniteli,True,False
44799,C_after,after,rightcourse,sistema,True,False
23114,C_after,after,donrf22,ispolniteli,True,False
2957,C_after,after,CVOixZ,ispolniteli,True,False
56843,C_after,after,vozlevoiny,sistema,True,False
161,C_after,after,ASWman,sistema,True,False
50141,C_after,after,rybar,sistema,True,False
23264,C_after,after,donrf22,ispolniteli,True,False
44797,C_after,after,rightcourse,sistema,True,False
17240,C_after,after,Ural_Otvag2022,net_atribucii,False,False
61196,C_after,after,warhistoryalconafter,vneshnij,False,False
18356,C_after,after,boris_rozhin,net_atribucii,False,False
3755,C_after,after,SIL0VIKI,sistema,True,False
31301,C_after,after,mardanaka,net_atribucii,False,False
210,C_after,after,ASWman,ispolniteli,True,False
2891,C_after,after,CVOZOVv,sistema,True,False
55469,A_after_sample,after,vlagr,ispolniteli,True,False
25389,C_after,after,epoddubny,net_atribucii,False,False
3759,A_after_sample,after,SIL0VIKI,ispolniteli,False,False
5006,intersection,before,SIL0VIKI,ispolniteli,False,False
31357,C_after,after,mardanaka,sistema,True,False
25332,intersection,before,dva_majors,net_atribucii,False,False
333,C_after,after,ASWman,ispolniteli,True,False
45446,intersection,before,rightcourse,net_atribucii,False,False
50947,C_after,after,sanya_florida,sistema,True,False
23227,A_after_sample,after,donrf22,ispolniteli,True,False
47,A_after_sample,after,ASWman,ispolniteli,True,False
35445,intersection,before,nationconsunion,net_atribucii,False,False
23563,intersection,before,donrf22,net_atribucii,False,False
27449,C_after,after,glockmeister_lj,sistema,True,False
44688,C_after,after,rightcourse,sistema,True,False
23232,C_after,after,donrf22,sistema,True,False
45926,intersection,before,rightcourse,net_atribucii,False,False
98,A_after_sample,after,ASWman,ispolniteli,True,False
18148,C_after,after,bomber_fighter,sistema,True,False
52895,C_after,after,vadim_trukhachyov,sistema,True,False
34074,C_after,after,milinfolive,net_atribucii,False,False
18154,A_after_sample,after,bomber_fighter,ispolniteli,True,False
48450,C_after,after,RVvoenkor,net_atribucii,False,False
122,A_after_sample,after,ASWman,ispolniteli,True,False
52984,C_after,after,vadim_trukhachyov,sistema,True,False
52886,C_after,after,vadim_trukhachyov,sistema,True,False
53012,intersection,before,vadim_trukhachyov,ispolniteli,True,False
20344,C_after,after,chvkmedia,net_atribucii,False,False
92,C_after,after,ASWman,net_atribucii,False,False
20363,C_after,after,chvkmedia,net_atribucii,False,False
50139,C_after,after,rybar,sistema,True,False
48514,A_after_sample,after,RVvoenkor,ispolniteli,False,False
20404,C_after,after,chvkmedia,vneshnij,False,False
1259,C_after,after,AdekVatnye_novosty,net_atribucii,False,False
6152,C_after,after,SolovievLive,sistema,True,False
18647,intersection,before,boris_rozhin,ispolniteli,False,False
64990,A_after_sample,after,yurasumy,net_atribucii,False,False
88,A_after_sample,after,ASWman,kreml_ap,True,False
1255,C_after,after,AdekVatnye_novosty,sistema,True,False
64515,intersection,before,warhistoryalconafter,net_atribucii,False,False
23166,C_after,after,donrf22,meta_ironiya,True,False
55482,A_after_sample,after,vlagr,sistema,True,False
35299,C_after,after,nationconsunion,net_atribucii,False,False
50152,C_after,after,rybar,sistema,True,False
18271,C_after,after,boris_rozhin,vneshnij,True,False
1328,A_after_sample,after,AdekVatnye_novosty,ispolniteli,False,False
28383,C_after,after,holmogor_talks,ispolniteli,True,False
18425,A_after_sample,after,boris_rozhin,ispolniteli,False,False
1272,C_after,after,AdekVatnye_novosty,sistema,True,False
3742,C_after,after,SIL0VIKI,net_atribucii,False,False
84,A_after_sample,after,ASWman,ispolniteli,False,False
37545,C_after,after,notes_veterans,sistema,False,False
46443,C_after,after,RSaponkov,sistema,True,False
61260,A_after_sample,after,warhistoryalconafter,net_atribucii,False,False
40343,A_after_sample,after,podled,ispolniteli,True,False
44638,C_after,after,rightcourse,sistema,True,False
57351,C_after,after,WarDonbass,sistema,True,False
3765,A_after_sample,after,SIL0VIKI,net_atribucii,False,False
1215,C_after,after,AdekVatnye_novosty,net_atribucii,False,False
20398,C_after,after,chvkmedia,net_atribucii,False,False
9139,intersection,before,SolovievLive,net_atribucii,False,False
32591,A_after_sample,after,mig41,net_atribucii,False,False
24253,C_after,after,dva_majors,sistema,True,False
7503,intersection,before,SolovievLive,ispolniteli,False,False
5886,A_after_sample,after,SolovievLive,ispolniteli,True,False
37583,C_after,after,notes_veterans,net_atribucii,False,False
46696,C_after,after,rusfleet,sistema,True,False
55114,intersection,before,veteranrossii_online,net_atribucii,False,False
48556,A_after_sample,after,RVvoenkor,net_atribucii,False,False
32464,C_after,after,mig41,net_atribucii,False,False
214,C_after,after,ASWman,sistema,True,False
3791,C_after,after,SIL0VIKI,sistema,True,False
18164,C_after,after,bomber_fighter,vneshnij,True,False
37555,C_after,after,notes_veterans,net_atribucii,False,False
52147,C_after,after,soldat_prav,meta_ironiya,True,False
57345,A_after_sample,after,WarDonbass,net_atribucii,False,False
17236,C_after,after,Ural_Otvag2022,net_atribucii,False,False
46891,C_after,after,russia_nacionalist,meta_ironiya,True,False
28431,C_after,after,holmogor_talks,sistema,True,False
48512,C_after,after,RVvoenkor,net_atribucii,False,False
44760,intersection,after,rightcourse,ispolniteli,True,False
17239,C_after,after,Ural_Otvag2022,sistema,True,False
61233,A_after_sample,after,warhistoryalconafter,net_atribucii,False,False
44752,C_after,after,rightcourse,sistema,True,False
609,intersection,before,ASWman,net_atribucii,False,False
48491,intersection,after,RVvoenkor,kreml_ap,False,False
27489,C_after,after,golosmordora1,ispolniteli,True,False
320,C_after,after,ASWman,sistema,True,False
16692,C_after,after,SonOfMonarchy,sistema,True,False
27487,C_after,after,golosmordora1,net_atribucii,False,False
22792,C_after,after,DonbassYasinovatayanaliniiOgnia,sistema,True,False
55451,C_after,after,vlagr,net_atribucii,False,False
31332,C_after,after,mardanaka,sistema,True,False
63,C_after,after,ASWman,sistema,True,False
20364,C_after,after,chvkmedia,net_atribucii,False,False
44655,C_after,after,rightcourse,sistema,True,False
24156,C_after,after,dva_majors,net_atribucii,False,False
52925,A_after_sample,after,vadim_trukhachyov,sistema,True,False
3763,C_after,after,SIL0VIKI,net_atribucii,False,False
53681,A_after_sample,after,veteranrossii_online,net_atribucii,False,False
90,C_after,after,ASWman,sistema,True,False
57349,C_after,after,WarDonbass,sistema,True,False
24251,C_after,after,dva_majors,net_atribucii,False,False
55174,intersection,before,veteranrossii_online,net_atribucii,False,False
817,intersection,before,ASWman,sistema,False,True
25394,C_after,after,epoddubny,net_atribucii,False,
32551,C_after,after,mig41,sistema,True,
37828,C_after,after,olegsepar,ispolniteli,True,
46699,C_after,after,rusfleet,net_atribucii,False,
64985,C_after,after,yurasumy,vneshnij,True,
1284,C_after,after,AdekVatnye_novosty,net_atribucii,False,
35298,C_after,after,nationconsunion,sistema,True,
23159,C_after,after,donrf22,sistema,True,
52135,C_after,after,soldat_prav,net_atribucii,False,
31353,C_after,after,mardanaka,ispolniteli,True,
50156,A_after_sample,after,rybar,ispolniteli,True,
18274,A_after_sample,after,boris_rozhin,net_atribucii,False,
18224,C_after,after,boris_rozhin,net_atribucii,False,
371,C_after,after,ASWman,ispolniteli,True,
54960,intersection,before,veteranrossii_online,net_atribucii,False,
367,C_after,after,ASWman,sistema,True,
24207,C_after,after,dva_majors,sistema,True,
22809,C_after,after,DonbassYasinovatayanaliniiOgnia,net_atribucii,False,
23130,C_after,after,donrf22,sistema,True,
40348,A_after_sample,after,podled,ispolniteli,True,
41354,C_after,after,readovkanews,vneshnij,False,
52977,A_after_sample,after,vadim_trukhachyov,ispolniteli,True,
55467,A_after_sample,after,vlagr,ispolniteli,True,
31379,C_after,after,mardanaka,sistema,True,
14584,intersection,before,SolovievLive,net_atribucii,False,
22810,A_after_sample,after,DonbassYasinovatayanaliniiOgnia,ispolniteli,True,
18382,intersection,after,boris_rozhin,ispolniteli,True,
175,C_after,after,ASWman,vneshnij,False,
18235,C_after,after,boris_rozhin,sistema,True,
34431,C_after,after,militarymaps,ispolniteli,True,
25412,C_after,after,epoddubny,net_atribucii,False,
61226,A_after_sample,after,warhistoryalconafter,net_atribucii,False,
53108,intersection,before,vadim_trukhachyov,kreml_ap,True,
50113,C_after,after,rybar,vneshnij,True,
46705,C_after,after,rusfleet,sistema,True,
61304,A_after_sample,after,warhistoryalconafter,net_atribucii,False,
49451,intersection,before,RVvoenkor,net_atribucii,False,
18380,C_after,after,boris_rozhin,ispolniteli,True,
52969,C_after,after,vadim_trukhachyov,ispolniteli,True,
23261,C_after,after,donrf22,sistema,True,
61302,A_after_sample,after,warhistoryalconafter,net_atribucii,False,
44725,A_after_sample,after,rightcourse,ispolniteli,True,
61140,A_after_sample,after,warhistoryalconafter,vneshnij,False,
37557,C_after,after,notes_veterans,sistema,False,
263,C_after,after,ASWman,sistema,True,
45415,intersection,before,rightcourse,net_atribucii,False,
10438,intersection,before,SolovievLive,net_atribucii,False,
24233,C_after,after,dva_majors,sistema,True,
128,C_after,after,ASWman,meta_ironiya,True,
46444,C_after,after,RSaponkov,sistema,True,
32505,C_after,after,mig41,net_atribucii,False,
46456,C_after,after,RSaponkov,sistema,True,
46431,C_after,after,RSaponkov,sistema,True,
50945,A_after_sample,after,sanya_florida,ispolniteli,True,
32489,A_after_sample,after,mig41,ispolniteli,True,
2888,C_after,after,CVOZOVv,net_atribucii,False,
50622,intersection,before,rybar,sistema,True,
56841,C_after,after,vozlevoiny,sistema,True,
1312,C_after,after,AdekVatnye_novosty,ispolniteli,False,
37577,C_after,after,notes_veterans,net_atribucii,False,
31061,A_after_sample,after,kramnikcat,ispolniteli,True,
127,A_after_sample,after,ASWman,ispolniteli,True,
46450,C_after,after,RSaponkov,sistema,True,
46437,A_after_sample,after,RSaponkov,ispolniteli,True,
46427,C_after,after,RSaponkov,sistema,True,
35275,C_after,after,nationconsunion,net_atribucii,False,
44701,C_after,after,rightcourse,sistema,True,
1348,C_after,after,AdekVatnye_novosty,ispolniteli,True,
50153,C_after,after,rybar,vneshnij,True,
44681,A_after_sample,after,rightcourse,ispolniteli,True,
29219,C_after,after,istorijaoruzijaZ,ispolniteli,False,
23290,C_after,after,donrf22,sistema,True,
17301,C_after,after,ZAnashihPugachev,sistema,True,
169,C_after,after,ASWman,net_atribucii,False,
55461,C_after,after,vlagr,sistema,True,
31121,C_after,after,lobaev_vlad,sistema,True,
61309,A_after_sample,after,warhistoryalconafter,net_atribucii,False,
61356,A_after_sample,after,warhistoryalconafter,net_atribucii,False,
32574,C_after,after,mig41,sistema,True,
23219,C_after,after,donrf22,net_atribucii,False,
52916,C_after,after,vadim_trukhachyov,sistema,True,
44672,intersection,after,rightcourse,sistema,True,
61249,A_after_sample,after,warhistoryalconafter,net_atribucii,False,
28450,C_after,after,holmogor_talks,sistema,True,
44634,C_after,after,rightcourse,sistema,True,
23267,A_after_sample,after,donrf22,ispolniteli,False,
1227,C_after,after,AdekVatnye_novosty,net_atribucii,False,
52955,A_after_sample,after,vadim_trukhachyov,sistema,True,
23247,C_after,after,donrf22,sistema,True,
55578,C_after,after,voenacher,ispolniteli,True,
31522,intersection,before,mardanaka,net_atribucii,False,
36653,C_after,after,new_militarycolumnist,ispolniteli,False,
46423,A_after_sample,after,RSaponkov,sistema,True,
3123,C_after,after,DeusVultDonbass,net_atribucii,False,
31251,C_after,after,mardanaka,sistema,True,
24887,intersection,before,dva_majors,net_atribucii,False,
34065,intersection,after,milinfolive,ispolniteli,False,
18341,A_after_sample,after,boris_rozhin,sistema,True,
158,C_after,after,ASWman,ispolniteli,True,
44693,intersection,after,rightcourse,sistema,True,
53493,intersection,before,vadim_trukhachyov,net_atribucii,False,
298,C_after,after,ASWman,net_atribucii,False,
3209,C_after,after,PravdaShuravi,net_atribucii,False,
35059,C_after,after,mkoleda,net_atribucii,False,
61212,C_after,after,warhistoryalconafter,sistema,True,
44796,C_after,after,rightcourse,sistema,True,
48520,C_after,after,RVvoenkor,sistema,False,
193,C_after,after,ASWman,sistema,True,
322,C_after,after,ASWman,sistema,True,
1253,C_after,after,AdekVatnye_novosty,net_atribucii,False,
34082,intersection,after,milinfolive,ispolniteli,True,
220,A_after_sample,after,ASWman,ispolniteli,True,
35256,A_after_sample,after,nationconsunion,sistema,True,
56360,C_after,after,voenkorKotenok,ispolniteli,False,
52938,A_after_sample,after,vadim_trukhachyov,net_atribucii,False,
55580,A_after_sample,after,voenacher,net_atribucii,False,
24148,C_after,after,dva_majors,sistema,True,
52966,intersection,after,vadim_trukhachyov,peskov,True,
48528,C_after,after,RVvoenkor,vneshnij,True,
61435,C_after,after,warhistoryalconafter,net_atribucii,False,
1219,C_after,after,AdekVatnye_novosty,net_atribucii,False,
270,C_after,after,ASWman,sistema,True,
28411,C_after,after,holmogor_talks,sistema,True,
23201,C_after,after,donrf22,sistema,True,
55593,C_after,after,voenacher,net_atribucii,False,
32508,C_after,after,mig41,net_atribucii,False,
20348,C_after,after,chvkmedia,sistema,True,
6314,C_after,after,SolovievLive,net_atribucii,False,
53701,A_after_sample,after,veteranrossii_online,ispolniteli,False,
27502,C_after,after,golosmordora1,sistema,True,
355,C_after,after,ASWman,sistema,True,
23193,C_after,after,donrf22,ispolniteli,True,
61290,intersection,after,warhistoryalconafter,peskov,False,
18404,A_after_sample,after,boris_rozhin,ispolniteli,True,
23236,C_after,after,donrf22,meta_ironiya,True,
2885,C_after,after,CVOZOVv,net_atribucii,False,
35280,C_after,after,nationconsunion,sistema,True,
48501,C_after,after,RVvoenkor,vneshnij,False,
315,C_after,after,ASWman,net_atribucii,False,
56828,C_after,after,voyskozabotaOPSB,net_atribucii,False,
1260,C_after,after,AdekVatnye_novosty,net_atribucii,False,
5822,C_after,after,SolovievLive,net_atribucii,False,
32473,C_after,after,mig41,net_atribucii,False,
23310,C_after,after,donrf22,sistema,True,
25652,C_after,after,first_political,net_atribucii,False,
40340,A_after_sample,after,podled,ispolniteli,True,
242,A_after_sample,after,ASWman,ispolniteli,True,
31365,C_after,after,mardanaka,ispolniteli,True,
37844,A_after_sample,after,olegsepar,ispolniteli,False,
35304,C_after,after,nationconsunion,sistema,True,
37564,C_after,after,notes_veterans,net_atribucii,False,
199,C_after,after,ASWman,sistema,True,
61275,A_after_sample,after,warhistoryalconafter,net_atribucii,False,
18352,intersection,after,boris_rozhin,peskov,False,
44789,intersection,after,rightcourse,sistema,True,
40384,C_after,after,podled,ispolniteli,True,
61209,C_after,after,warhistoryalconafter,net_atribucii,False,
18284,A_after_sample,after,boris_rozhin,ispolniteli,True,
44795,C_after,after,rightcourse,sistema,True,
45174,intersection,before,rightcourse,ispolniteli,True,
241,intersection,after,ASWman,meta_ironiya,True,
44632,intersection,after,rightcourse,oba_urovnya,True,
35485,intersection,before,nationconsunion,net_atribucii,False,
44905,intersection,before,rightcourse,oba_urovnya,True,
61465,C_after,after,warhistoryalconafter,sistema,True,
37880,C_after,after,olegsepar,ispolniteli,True,
56909,C_after,after,vysokygovorit,net_atribucii,False,
23241,C_after,after,donrf22,sistema,True,
52970,intersection,after,vadim_trukhachyov,ispolniteli,True,
6097,A_after_sample,after,SolovievLive,net_atribucii,False,
32430,C_after,after,mig41,net_atribucii,False,
3242,C_after,after,PravdaShuravi,ispolniteli,True,
23234,C_after,after,donrf22,sistema,True,
54903,intersection,before,veteranrossii_online,net_atribucii,False,
44650,C_after,after,rightcourse,sistema,True,
13520,intersection,before,SolovievLive,net_atribucii,False,
32475,C_after,after,mig41,ispolniteli,True,
23189,C_after,after,donrf22,vneshnij,False,
24210,C_after,after,dva_majors,net_atribucii,False,
46897,A_after_sample,after,russia_nacionalist,ispolniteli,True,
44739,A_after_sample,after,rightcourse,ispolniteli,True,
40470,intersection,before,podled,net_atribucii,False,
24218,C_after,after,dva_majors,net_atribucii,False,
23279,C_after,after,donrf22,net_atribucii,False,
3180,C_after,after,PravdaShuravi,net_atribucii,True,
61372,C_after,after,warhistoryalconafter,net_atribucii,False,
40354,C_after,after,podled,sistema,True,
239,intersection,after,ASWman,meta_ironiya,True,
33769,intersection,before,mig41,net_atribucii,False,
217,intersection,after,ASWman,oba_urovnya,True,
2771,intersection,before,Agdchan,net_atribucii,False,
50164,C_after,after,rybar,ispolniteli,True,
31276,A_after_sample,after,mardanaka,ispolniteli,True,
31342,A_after_sample,after,mardanaka,ispolniteli,True,
52408,C_after,after,strelkovii,sistema,True,
32589,C_after,after,mig41,net_atribucii,False,
52944,C_after,after,vadim_trukhachyov,sistema,True,
61413,C_after,after,warhistoryalconafter,net_atribucii,False,
40313,C_after,after,podled,sistema,True,
44803,C_after,after,rightcourse,sistema,True,
349,C_after,after,ASWman,sistema,True,
44700,A_after_sample,after,rightcourse,ispolniteli,True,
44993,intersection,before,rightcourse,ispolniteli,True,
29110,C_after,after,ikakprosto,net_atribucii,False,
34072,C_after,after,milinfolive,net_atribucii,False,
46461,C_after,after,RSaponkov,net_atribucii,True,
18277,C_after,after,boris_rozhin,net_atribucii,False,
52982,C_after,after,vadim_trukhachyov,sistema,True,
32547,C_after,after,mig41,net_atribucii,False,
50774,intersection,before,rybar,net_atribucii,False,
53678,C_after,after,veteranrossii_online,vneshnij,True,
31116,C_after,after,lobaev_vlad,sistema,True,
3207,C_after,after,PravdaShuravi,sistema,True,
254,A_after_sample,after,ASWman,ispolniteli,True,
23107,A_after_sample,after,donrf22,net_atribucii,False,
55583,A_after_sample,after,voenacher,net_atribucii,False,
57364,C_after,after,WarDonbass,net_atribucii,False,
61388,A_after_sample,after,warhistoryalconafter,net_atribucii,False,
24181,A_after_sample,after,dva_majors,ispolniteli,True,
23305,C_after,after,donrf22,net_atribucii,False,
19379,intersection,before,boris_rozhin,net_atribucii,False,
271,C_after,after,ASWman,net_atribucii,False,
52140,C_after,after,soldat_prav,sistema,True,
81,C_after,after,ASWman,ispolniteli,True,
37822,C_after,after,olegsepar,ispolniteli,True,
38570,C_after,after,omonmoscow,ispolniteli,True,
61191,C_after,after,warhistoryalconafter,net_atribucii,False,
61292,A_after_sample,after,warhistoryalconafter,net_atribucii,False,
27503,C_after,after,golosmordora1,sistema,True,
34051,C_after,after,milinfolive,sistema,True,
1345,C_after,after,AdekVatnye_novosty,net_atribucii,False,
40315,C_after,after,podled,ispolniteli,True,
31119,C_after,after,lobaev_vlad,sistema,True,
61365,C_after,after,warhistoryalconafter,net_atribucii,False,
48507,C_after,after,RVvoenkor,vneshnij,True,
41305,A_after_sample,after,readovkanews,net_atribucii,False,
16718,C_after,after,SonOfMonarchy,sistema,True,
46708,C_after,after,rusfleet,net_atribucii,False,
44696,C_after,after,rightcourse,sistema,True,
55563,C_after,after,voenacher,net_atribucii,False,
2892,C_after,after,CVOZOVv,ispolniteli,True,
1369,A_after_sample,after,AdekVatnye_novosty,vneshnij,True,
3192,C_after,after,PravdaShuravi,sistema,True,
46463,C_after,after,RSaponkov,sistema,True,
35070,C_after,after,mkoleda,net_atribucii,False,
41429,C_after,after,readovkanews,vneshnij,False,
44777,A_after_sample,after,rightcourse,ispolniteli,True,
31252,A_after_sample,after,mardanaka,ispolniteli,True,
338,C_after,after,ASWman,net_atribucii,False,
56337,C_after,after,voenkorKotenok,sistema,True,
61376,C_after,after,warhistoryalconafter,net_atribucii,False,
31256,A_after_sample,after,mardanaka,net_atribucii,False,
31299,C_after,after,mardanaka,net_atribucii,False,
44643,C_after,after,rightcourse,sistema,True,
75,A_after_sample,after,ASWman,ispolniteli,True,
61252,A_after_sample,after,warhistoryalconafter,net_atribucii,False,
53112,intersection,before,vadim_trukhachyov,net_atribucii,False,
40977,A_after_sample,after,pvo_vks,net_atribucii,False,
2958,C_after,after,CVOixZ,ispolniteli,True,
17958,A_after_sample,after,astramilitarum,net_atribucii,False,
10,C_after,after,ASWman,sistema,True,
55337,C_after,after,vladlentatarsky,net_atribucii,False,
18250,C_after,after,boris_rozhin,net_atribucii,True,
31290,C_after,after,mardanaka,net_atribucii,False,
95,C_after,after,ASWman,sistema,True,
50146,C_after,after,rybar,ispolniteli,True,
35066,intersection,after,mkoleda,net_atribucii,False,
52136,C_after,after,soldat_prav,ispolniteli,True,
1279,A_after_sample,after,AdekVatnye_novosty,ispolniteli,True,
61355,A_after_sample,after,warhistoryalconafter,net_atribucii,False,
24205,C_after,after,dva_majors,net_atribucii,False,
120,A_after_sample,after,ASWman,ispolniteli,True,
44667,C_after,after,rightcourse,net_atribucii,False,
18344,C_after,after,boris_rozhin,net_atribucii,False,
46438,C_after,after,RSaponkov,net_atribucii,False,
28405,C_after,after,holmogor_talks,sistema,True,
25680,C_after,after,first_political,net_atribucii,False,
35267,C_after,after,nationconsunion,sistema,True,
52891,C_after,after,vadim_trukhachyov,sistema,True,
64991,C_after,after,yurasumy,vneshnij,True,
3,C_after,after,ASWman,net_atribucii,True,
28387,C_after,after,holmogor_talks,sistema,True,
115,C_after,after,ASWman,sistema,True,
52911,A_after_sample,after,vadim_trukhachyov,ispolniteli,True,
28461,C_after,after,holmogor_talks,sistema,True,
3266,C_after,after,PravdaShuravi,net_atribucii,False,
44633,A_after_sample,after,rightcourse,ispolniteli,True,
52889,intersection,after,vadim_trukhachyov,meta_ironiya,True,
24197,C_after,after,dva_majors,sistema,True,
28445,A_after_sample,after,holmogor_talks,ispolniteli,True,
28386,A_after_sample,after,holmogor_talks,ispolniteli,True,
31281,A_after_sample,after,mardanaka,ispolniteli,True,
35268,C_after,after,nationconsunion,net_atribucii,True,
40300,A_after_sample,after,podled,ispolniteli,True,
6100,C_after,after,SolovievLive,net_atribucii,False,
3737,A_after_sample,after,SIL0VIKI,net_atribucii,False,
40375,C_after,after,podled,sistema,True,
32375,intersection,before,mardanaka,ispolniteli,True,
18365,C_after,after,boris_rozhin,net_atribucii,False,
20367,intersection,after,chvkmedia,net_atribucii,False,
32523,C_after,after,mig41,vneshnij,True,
17497,C_after,after,antiseptic_channel,net_atribucii,True,
46435,C_after,after,RSaponkov,net_atribucii,True,
18145,C_after,after,bomber_fighter,sistema,True,
23259,C_after,after,donrf22,net_atribucii,True,
44794,C_after,after,rightcourse,sistema,True,
1358,A_after_sample,after,AdekVatnye_novosty,ispolniteli,True,
31310,C_after,after,mardanaka,net_atribucii,False,
18267,A_after_sample,after,boris_rozhin,net_atribucii,True,
25424,C_after,after,epoddubny,net_atribucii,False,
31388,C_after,after,mardanaka,sistema,True,
40091,C_after,after,panteri_panteri,ispolniteli,True,
53792,intersection,before,veteranrossii_online,net_atribucii,False,
25655,C_after,after,first_political,net_atribucii,False,
50149,C_after,after,rybar,net_atribucii,False,
44774,A_after_sample,after,rightcourse,ispolniteli,True,
5451,intersection,before,SIL0VIKI,net_atribucii,False,
37558,C_after,after,notes_veterans,sistema,True,
3753,C_after,after,SIL0VIKI,net_atribucii,False,
3204,C_after,after,PravdaShuravi,net_atribucii,False,
299,C_after,after,ASWman,sistema,True,
36637,C_after,after,new_militarycolumnist,net_atribucii,False,
17969,A_after_sample,after,astramilitarum,ispolniteli,True,
61425,C_after,after,warhistoryalconafter,net_atribucii,False,
3181,C_after,after,PravdaShuravi,sistema,True,
321,C_after,after,ASWman,sistema,True,
37554,C_after,after,notes_veterans,net_atribucii,False,
34083,C_after,after,milinfolive,ispolniteli,True,
24167,C_after,after,dva_majors,net_atribucii,False,
3797,C_after,after,SIL0VIKI,sistema,True,
284,C_after,after,ASWman,net_atribucii,True,
46698,C_after,after,rusfleet,net_atribucii,False,
43280,intersection,before,readovkanews,net_atribucii,False,
32461,C_after,after,mig41,net_atribucii,False,
259,C_after,after,ASWman,ispolniteli,True,
24223,C_after,after,dva_majors,sistema,True,
52953,C_after,after,vadim_trukhachyov,sistema,True,
5841,C_after,after,SolovievLive,vneshnij,True,
50151,C_after,after,rybar,ispolniteli,True,
61402,A_after_sample,after,warhistoryalconafter,net_atribucii,False,
3244,A_after_sample,after,PravdaShuravi,net_atribucii,False,
23182,C_after,after,donrf22,sistema,True,
18149,C_after,after,bomber_fighter,sistema,True,
275,C_after,after,ASWman,meta_ironiya,True,
336,C_after,after,ASWman,sistema,True,
41353,A_after_sample,after,readovkanews,net_atribucii,False,
11,C_after,after,ASWman,net_atribucii,False,
231,A_after_sample,after,ASWman,net_atribucii,False,
61367,C_after,after,warhistoryalconafter,net_atribucii,False,
60741,intersection,before,WarDonbass,net_atribucii,False,
37884,C_after,after,olegsepar,ispolniteli,True,
223,C_after,after,ASWman,sistema,True,
1214,C_after,after,AdekVatnye_novosty,net_atribucii,False,
215,C_after,after,ASWman,net_atribucii,False,
37571,C_after,after,notes_veterans,net_atribucii,False,
18445,C_after,after,boris_rozhin,net_atribucii,False,
20401,C_after,after,chvkmedia,net_atribucii,False,
32545,A_after_sample,after,mig41,ispolniteli,True,
44680,intersection,after,rightcourse,sistema,True,
60772,C_after,after,wargonzo,net_atribucii,False,
40276,C_after,after,panzwaffle,net_atribucii,False,
3206,C_after,after,PravdaShuravi,sistema,True,
32548,C_after,after,mig41,sistema,True,
55336,C_after,after,vladlentatarsky,net_atribucii,True,
17957,C_after,after,astramilitarum,net_atribucii,True,
33933,intersection,before,mig41,ispolniteli,True,
6101,intersection,after,SolovievLive,net_atribucii,False,
32544,C_after,after,mig41,net_atribucii,False,
20428,intersection,before,chvkmedia,net_atribucii,False,
1305,C_after,after,AdekVatnye_novosty,net_atribucii,False,
5888,C_after,after,SolovievLive,vneshnij,True,
44773,C_after,after,rightcourse,sistema,True,
6316,C_after,after,SolovievLive,net_atribucii,False,
61202,A_after_sample,after,warhistoryalconafter,ispolniteli,True,
28455,C_after,after,holmogor_talks,sistema,True,
31387,C_after,after,mardanaka,sistema,True,
31286,A_after_sample,after,mardanaka,ispolniteli,True,
279,C_after,after,ASWman,sistema,True,
45278,intersection,before,rightcourse,ispolniteli,True,
35270,C_after,after,nationconsunion,ispolniteli,True,
44642,C_after,after,rightcourse,sistema,True,
32478,C_after,after,mig41,net_atribucii,False,
31327,C_after,after,mardanaka,vneshnij,True,
234,C_after,after,ASWman,sistema,True,
31244,A_after_sample,after,mardanaka,net_atribucii,False,
24146,C_after,after,dva_majors,net_atribucii,True,
18329,A_after_sample,after,boris_rozhin,ispolniteli,True,
41432,A_after_sample,after,readovkanews,net_atribucii,False,
50138,C_after,after,rybar,sistema,True,
24143,C_after,after,dva_majors,sistema,True,
52985,C_after,after,vadim_trukhachyov,sistema,True,
202,C_after,after,ASWman,sistema,True,
18334,intersection,after,boris_rozhin,kreml_ap,True,
48531,C_after,after,RVvoenkor,net_atribucii,False,
37836,C_after,after,olegsepar,net_atribucii,False,
18383,intersection,after,boris_rozhin,net_atribucii,False,
35300,C_after,after,nationconsunion,net_atribucii,False,
31335,C_after,after,mardanaka,sistema,True,
13728,intersection,before,SolovievLive,net_atribucii,False,
346,C_after,after,ASWman,sistema,True,
18375,intersection,after,boris_rozhin,meta_ironiya,True,
38607,C_after,after,operline_ru,sistema,True,
37575,C_after,after,notes_veterans,net_atribucii,False,
285,C_after,after,ASWman,sistema,True,
1225,C_after,after,AdekVatnye_novosty,net_atribucii,False,
44647,C_after,after,rightcourse,kreml_ap,True,
3231,C_after,after,PravdaShuravi,vneshnij,True,
2342,intersection,before,AdekVatnye_novosty,net_atribucii,False,
28417,C_after,after,holmogor_talks,net_atribucii,False,
46883,C_after,after,russia_nacionalist,net_atribucii,False,
40336,C_after,after,podled,net_atribucii,True,
52940,C_after,after,vadim_trukhachyov,sistema,True,
37568,C_after,after,notes_veterans,sistema,False,
19378,intersection,before,boris_rozhin,net_atribucii,False,
6163,A_after_sample,after,SolovievLive,net_atribucii,False,
45268,intersection,before,rightcourse,ispolniteli,True,
2366,C_after,after,Agdchan,vneshnij,True,
48692,intersection,before,RVvoenkor,net_atribucii,False,
6161,C_after,after,SolovievLive,net_atribucii,False,
47216,intersection,before,russia_nacionalist,net_atribucii,False,
45242,intersection,before,rightcourse,net_atribucii,False,
24193,C_after,after,dva_majors,sistema,True,
52902,C_after,after,vadim_trukhachyov,ispolniteli,True,
37811,C_after,after,olegsepar,net_atribucii,False,
37815,A_after_sample,after,olegsepar,net_atribucii,False,
31305,A_after_sample,after,mardanaka,ispolniteli,True,
42721,intersection,before,readovkanews,net_atribucii,False,
37572,intersection,after,notes_veterans,net_atribucii,False,
64973,C_after,after,yurasumy,sistema,True,
61289,A_after_sample,after,warhistoryalconafter,net_atribucii,False,
23240,intersection,after,donrf22,meta_ironiya,True,
5704,C_after,after,SolovievLive,net_atribucii,False,
46873,A_after_sample,after,russia_nacionalist,sistema,True,
52149,C_after,after,soldat_prav,net_atribucii,False,
32477,C_after,after,mig41,net_atribucii,False,
224,C_after,after,ASWman,net_atribucii,False,
35057,C_after,after,mkoleda,net_atribucii,False,
37551,C_after,after,notes_veterans,net_atribucii,False,
28406,C_after,after,holmogor_talks,ispolniteli,True,
56840,C_after,after,vozlevoiny,net_atribucii,True,
40079,C_after,after,panteri_panteri,net_atribucii,False,
61245,A_after_sample,after,warhistoryalconafter,net_atribucii,False,
44640,C_after,after,rightcourse,ispolniteli,True,
37547,C_after,after,notes_veterans,net_atribucii,False,
64994,C_after,after,yurasumy,net_atribucii,False,
61421,C_after,after,warhistoryalconafter,ispolniteli,True,
64977,C_after,after,yurasumy,net_atribucii,False,
31362,A_after_sample,after,mardanaka,net_atribucii,False,
51206,A_after_sample,after,sashakots,net_atribucii,False,
36640,C_after,after,new_militarycolumnist,net_atribucii,False,
36631,C_after,after,new_militarycolumnist,net_atribucii,False,
20352,C_after,after,chvkmedia,net_atribucii,False,
151,A_after_sample,after,ASWman,sistema,True,
182,C_after,after,ASWman,sistema,True,
24199,C_after,after,dva_majors,net_atribucii,False,
24234,A_after_sample,after,dva_majors,net_atribucii,False,
50160,A_after_sample,after,rybar,ispolniteli,True,
41481,C_after,after,readovkanews,net_atribucii,False,
52964,C_after,after,vadim_trukhachyov,ispolniteli,True,
44723,A_after_sample,after,rightcourse,ispolniteli,True,
24150,C_after,after,dva_majors,sistema,True,
40349,A_after_sample,after,podled,ispolniteli,True,
32438,C_after,after,mig41,net_atribucii,False,
60763,C_after,after,wargonzo,sistema,True,
24180,C_after,after,dva_majors,net_atribucii,False,
269,C_after,after,ASWman,ispolniteli,True,
1317,C_after,after,AdekVatnye_novosty,net_atribucii,True,
24222,C_after,after,dva_majors,ispolniteli,True,
36668,C_after,after,new_militarycolumnist,net_atribucii,False,
57376,A_after_sample,after,WarDonbass,net_atribucii,False,
6158,intersection,after,SolovievLive,peskov,False,
24240,C_after,after,dva_majors,net_atribucii,False,
41371,A_after_sample,after,readovkanews,net_atribucii,False,
37786,C_after,after,olegsepar,net_atribucii,False,
3819,intersection,before,SIL0VIKI,net_atribucii,False,
53662,C_after,after,veteranrossii_online,net_atribucii,False,
24231,intersection,after,dva_majors,net_atribucii,False,
1244,A_after_sample,after,AdekVatnye_novosty,vneshnij,False,
28391,C_after,after,holmogor_talks,net_atribucii,False,
61227,A_after_sample,after,warhistoryalconafter,net_atribucii,False,
31398,C_after,after,mardanaka,net_atribucii,False,
32455,C_after,after,mig41,net_atribucii,False,
25,C_after,after,ASWman,sistema,True,
27508,C_after,after,golosmordora1,sistema,True,
27495,A_after_sample,after,golosmordora1,ispolniteli,True,
5727,C_after,after,SolovievLive,net_atribucii,False,
56371,C_after,after,voenkorKotenok,net_atribucii,False,
35255,C_after,after,nationconsunion,ispolniteli,True,
40302,C_after,after,podled,net_atribucii,True,
38,C_after,after,ASWman,sistema,True,
20386,A_after_sample,after,chvkmedia,net_atribucii,False,
18349,A_after_sample,after,boris_rozhin,vneshnij,False,
23306,C_after,after,donrf22,net_atribucii,True,
28414,C_after,after,holmogor_talks,net_atribucii,False,
34080,C_after,after,milinfolive,sistema,True,
44823,A_after_sample,after,rightcourse,ispolniteli,True,
48506,C_after,after,RVvoenkor,net_atribucii,False,
24172,A_after_sample,after,dva_majors,net_atribucii,True,
1350,C_after,after,AdekVatnye_novosty,vneshnij,False,
65454,A_after_sample,after,zeleniy_krai,ispolniteli,True,
56911,C_after,after,vysokygovorit,net_atribucii,True,
5970,C_after,after,SolovievLive,net_atribucii,False,
233,intersection,after,ASWman,oba_urovnya,True,
61217,C_after,after,warhistoryalconafter,net_atribucii,False,
265,C_after,after,ASWman,meta_ironiya,True,
32535,C_after,after,mig41,sistema,True,
23185,A_after_sample,after,donrf22,ispolniteli,True,
55579,C_after,after,voenacher,sistema,True,
6,intersection,after,ASWman,sistema,True,
50933,intersection,after,sanya_florida,ispolniteli,True,
45994,intersection,before,rightcourse,net_atribucii,True,
59749,intersection,before,WarDonbass,net_atribucii,False,
1231,C_after,after,AdekVatnye_novosty,ispolniteli,True,
46709,C_after,after,rusfleet,ispolniteli,True,
40368,C_after,after,podled,sistema,True,
48519,A_after_sample,after,RVvoenkor,net_atribucii,False,
37849,C_after,after,olegsepar,sistema,True,
50135,C_after,after,rybar,net_atribucii,False,
40086,intersection,after,panteri_panteri,meta_ironiya,True,
38708,intersection,before,opoveshenie,net_atribucii,False,
31391,C_after,after,mardanaka,net_atribucii,False,
44824,C_after,after,rightcourse,net_atribucii,False,
35269,A_after_sample,after,nationconsunion,net_atribucii,False,
32575,C_after,after,mig41,net_atribucii,False,
48530,intersection,after,RVvoenkor,net_atribucii,False,
37565,C_after,after,notes_veterans,sistema,True,
281,C_after,after,ASWman,net_atribucii,False,
50123,C_after,after,rybar,net_atribucii,False,
61333,A_after_sample,after,warhistoryalconafter,net_atribucii,False,
44756,C_after,after,rightcourse,sistema,True,
186,C_after,after,ASWman,sistema,True,
55585,C_after,after,voenacher,net_atribucii,False,
57402,C_after,after,WarDonbass,net_atribucii,False,
23197,C_after,after,donrf22,net_atribucii,True,
56341,A_after_sample,after,voenkorKotenok,,,
1302,C_after,after,AdekVatnye_novosty,,,
37881,C_after,after,olegsepar,net_atribucii,False,True
9314,intersection,before,SolovievLive,net_atribucii,False,
35303,A_after_sample,after,nationconsunion,ispolniteli,True,
16715,C_after,after,SonOfMonarchy,sistema,True,
1310,C_after,after,AdekVatnye_novosty,net_atribucii,False,
274,C_after,after,ASWman,net_atribucii,False,
3809,C_after,after,SIL0VIKI,vneshnij,False,
37840,A_after_sample,after,olegsepar,ispolniteli,True,
20380,C_after,after,chvkmedia,net_atribucii,False,
35610,intersection,before,nationconsunion,net_atribucii,False,
35879,intersection,before,nationconsunion,sistema,False,
64988,C_after,after,yurasumy,net_atribucii,False,
43130,intersection,before,readovkanews,net_atribucii,False,
43623,intersection,before,readovkanews,net_atribucii,False,
52139,C_after,after,soldat_prav,net_atribucii,False,
46693,A_after_sample,after,rusfleet,ispolniteli,True,
27506,C_after,after,golosmordora1,vneshnij,True,
34078,C_after,after,milinfolive,sistema,True,
6342,C_after,after,SolovievLive,net_atribucii,False,
18303,A_after_sample,after,boris_rozhin,ispolniteli,True,
60247,intersection,before,WarDonbass,net_atribucii,False,
23255,C_after,after,donrf22,sistema,True,
54418,intersection,before,veteranrossii_online,net_atribucii,False,
24953,intersection,before,dva_majors,net_atribucii,False,
18146,C_after,after,bomber_fighter,sistema,True,
55562,C_after,after,voenacher,ispolniteli,True,
20168,C_after,after,btr80,vneshnij,True,
46447,C_after,after,RSaponkov,net_atribucii,False,
354,A_after_sample,after,ASWman,ispolniteli,True,
32441,C_after,after,mig41,sistema,True,
52141,C_after,after,soldat_prav,net_atribucii,False,
1223,C_after,after,AdekVatnye_novosty,net_atribucii,False,
31368,C_after,after,mardanaka,ispolniteli,True,
31123,C_after,after,lobaev_vlad,sistema,True,
17965,C_after,after,astramilitarum,sistema,True,
35607,intersection,before,nationconsunion,net_atribucii,False,
23238,C_after,after,donrf22,meta_ironiya,True,
117,A_after_sample,after,ASWman,ispolniteli,True,
50131,C_after,after,rybar,net_atribucii,False,
56927,C_after,after,vysokygovorit,net_atribucii,False,
47214,intersection,before,russia_nacionalist,net_atribucii,False,
185,C_after,after,ASWman,sistema,True,
353,C_after,after,ASWman,sistema,True,
5980,C_after,after,SolovievLive,net_atribucii,False,
206,C_after,after,ASWman,sistema,True,
319,C_after,after,ASWman,sistema,True,
17002,intersection,before,SonOfMonarchy,net_atribucii,False,
31340,A_after_sample,after,mardanaka,ispolniteli,True,
56924,C_after,after,vysokygovorit,sistema,True,
18243,C_after,after,boris_rozhin,vneshnij,True,
28427,A_after_sample,after,holmogor_talks,ispolniteli,True,
3168,A_after_sample,after,PravdaShuravi,ispolniteli,True,
1256,C_after,after,AdekVatnye_novosty,net_atribucii,False,
52912,intersection,after,vadim_trukhachyov,kreml_ap,True,
28303,intersection,before,Hard_Blog_Line,sistema,True,
78,C_after,after,ASWman,net_atribucii,False,
32472,C_after,after,mig41,sistema,True,
24232,C_after,after,dva_majors,net_atribucii,False,
18320,A_after_sample,after,boris_rozhin,vneshnij,True,
40324,A_after_sample,after,podled,ispolniteli,True,
56330,C_after,after,voenkorKotenok,sistema,True,
31298,A_after_sample,after,mardanaka,net_atribucii,False,
31269,C_after,after,mardanaka,vneshnij,True,
31308,C_after,after,mardanaka,net_atribucii,False,
29108,C_after,after,ikakprosto,net_atribucii,False,
24171,A_after_sample,after,dva_majors,ispolniteli,True,
28457,C_after,after,holmogor_talks,sistema,True,
53040,intersection,before,vadim_trukhachyov,ispolniteli,True,
18159,C_after,after,bomber_fighter,sistema,True,
29216,intersection,after,istorijaoruzijaZ,ispolniteli,False,
18253,C_after,after,boris_rozhin,net_atribucii,False,
17234,C_after,after,Ural_Otvag2022,sistema,True,
37860,C_after,after,olegsepar,net_atribucii,False,
22801,C_after,after,DonbassYasinovatayanaliniiOgnia,sistema,True,
50171,C_after,after,rybar,sistema,True,
23154,C_after,after,donrf22,vneshnij,True,
31122,C_after,after,lobaev_vlad,ispolniteli,True,
24230,intersection,after,dva_majors,sistema,True,
359,C_after,after,ASWman,sistema,True,
37879,C_after,after,olegsepar,sistema,True,
18371,C_after,after,boris_rozhin,net_atribucii,False,
36634,C_after,after,new_militarycolumnist,net_atribucii,False,
31317,C_after,after,mardanaka,net_atribucii,False,
44720,A_after_sample,after,rightcourse,ispolniteli,True,
44713,C_after,after,rightcourse,sistema,True,
48533,A_after_sample,after,RVvoenkor,vneshnij,True,
35285,C_after,after,nationconsunion,ispolniteli,True,
46898,C_after,after,russia_nacionalist,ispolniteli,True,
6151,C_after,after,SolovievLive,net_atribucii,False,
25648,C_after,after,first_political,net_atribucii,False,
61169,C_after,after,warhistoryalconafter,net_atribucii,False,
52954,C_after,after,vadim_trukhachyov,sistema,True,
55477,A_after_sample,after,vlagr,ispolniteli,True,
18291,C_after,after,boris_rozhin,ispolniteli,False,
104,C_after,after,ASWman,sistema,True,
44776,C_after,after,rightcourse,sistema,True,
3243,A_after_sample,after,PravdaShuravi,ispolniteli,True,
369,A_after_sample,after,ASWman,net_atribucii,False,
41453,A_after_sample,after,readovkanews,ispolniteli,False,
310,intersection,after,ASWman,sistema,True,
61193,C_after,after,warhistoryalconafter,net_atribucii,False,
44677,C_after,after,rightcourse,sistema,True,
61339,A_after_sample,after,warhistoryalconafter,net_atribucii,False,
251,C_after,after,ASWman,sistema,True,
48532,intersection,after,RVvoenkor,peskov,False,
61400,C_after,after,warhistoryalconafter,ispolniteli,True,
33375,intersection,before,mig41,net_atribucii,False,
44690,intersection,after,rightcourse,sistema,True,
32437,intersection,after,mig41,meta_ironiya,True,
40378,C_after,after,podled,ispolniteli,True,
28394,C_after,after,holmogor_talks,sistema,True,
23126,intersection,after,donrf22,ispolniteli,True,
29020,intersection,before,holmogor_talks,peskov,True,
35292,C_after,after,nationconsunion,ispolniteli,True,
55,C_after,after,ASWman,net_atribucii,False,
46887,C_after,after,russia_nacionalist,net_atribucii,False,
1273,C_after,after,AdekVatnye_novosty,vneshnij,True,
52943,C_after,after,vadim_trukhachyov,sistema,True,
56844,C_after,after,vozlevoiny,net_atribucii,False,
205,intersection,after,ASWman,ispolniteli,True,
44770,A_after_sample,after,rightcourse,ispolniteli,False,
28880,intersection,before,holmogor_talks,net_atribucii,False,
40361,A_after_sample,after,podled,ispolniteli,True,
44738,A_after_sample,after,rightcourse,sistema,True,
18289,C_after,after,boris_rozhin,net_atribucii,False,
57355,C_after,after,WarDonbass,net_atribucii,False,
119,C_after,after,ASWman,sistema,True,
44813,C_after,after,rightcourse,sistema,True,
31118,C_after,after,lobaev_vlad,net_atribucii,False,
36625,A_after_sample,after,new_militarycolumnist,net_atribucii,False,
23118,C_after,after,donrf22,sistema,True,
23165,C_after,after,donrf22,net_atribucii,False,
54367,intersection,before,veteranrossii_online,net_atribucii,False,
5819,C_after,after,SolovievLive,net_atribucii,False,
56351,C_after,after,voenkorKotenok,sistema,True,
44747,C_after,after,rightcourse,sistema,True,
22804,A_after_sample,after,DonbassYasinovatayanaliniiOgnia,net_atribucii,False,
61239,A_after_sample,after,warhistoryalconafter,net_atribucii,False,
37549,C_after,after,notes_veterans,sistema,True,
23146,A_after_sample,after,donrf22,net_atribucii,False,
52144,C_after,after,soldat_prav,ispolniteli,True,
52976,A_after_sample,after,vadim_trukhachyov,ispolniteli,True,
132,C_after,after,ASWman,sistema,True,
37550,C_after,after,notes_veterans,ispolniteli,True,False
1250,C_after,after,AdekVatnye_novosty,net_atribucii,False,False
46430,C_after,after,RSaponkov,sistema,True,False
5726,C_after,after,SolovievLive,net_atribucii,False,False
40352,C_after,after,podled,sistema,True,False
56905,C_after,after,vysokygovorit,net_atribucii,False,False
44702,C_after,after,rightcourse,net_atribucii,False,False
20395,C_after,after,chvkmedia,vneshnij,True,False
37870,C_after,after,olegsepar,ispolniteli,True,False
53669,intersection,after,veteranrossii_online,ispolniteli,False,False
28400,C_after,after,holmogor_talks,ispolniteli,True,False
42720,intersection,before,readovkanews,net_atribucii,False,False
1211,C_after,after,AdekVatnye_novosty,net_atribucii,False,False
28399,C_after,after,holmogor_talks,net_atribucii,False,False
40,A_after_sample,after,ASWman,ispolniteli,False,False
40347,C_after,after,podled,ispolniteli,True,False
28442,C_after,after,holmogor_talks,sistema,True,False
41358,A_after_sample,after,readovkanews,ispolniteli,False,False
6092,intersection,after,SolovievLive,ispolniteli,False,False
3125,A_after_sample,after,DeusVultDonbass,vneshnij,True,False
171,A_after_sample,after,ASWman,ispolniteli,False,False
17299,C_after,after,ZAnashihPugachev,sistema,True,False
1311,C_after,after,AdekVatnye_novosty,sistema,True,False
44740,A_after_sample,after,rightcourse,sistema,True,False
34079,C_after,after,milinfolive,vneshnij,False,False
20016,intersection,before,boris_rozhin,ispolniteli,False,False
357,C_after,after,ASWman,net_atribucii,False,False
61281,A_after_sample,after,warhistoryalconafter,net_atribucii,False,False
323,C_after,after,ASWman,sistema,True,False
739,intersection,before,ASWman,net_atribucii,False,False
23218,C_after,after,donrf22,sistema,True,False
24154,A_after_sample,after,dva_majors,ispolniteli,False,False
28456,C_after,after,holmogor_talks,ispolniteli,True,False
55472,C_after,after,vlagr,net_atribucii,False,False
57395,C_after,after,WarDonbass,net_atribucii,False,False
40320,A_after_sample,after,podled,ispolniteli,True,False
61427,C_after,after,warhistoryalconafter,vneshnij,True,False
6107,C_after,after,SolovievLive,vneshnij,True,False
54342,intersection,before,veteranrossii_online,net_atribucii,False,False
65474,C_after,after,zeleniy_krai,net_atribucii,True,False
23170,C_after,after,donrf22,sistema,True,False
24157,C_after,after,dva_majors,net_atribucii,False,False
1322,C_after,after,AdekVatnye_novosty,sistema,True,False
31354,C_after,after,mardanaka,sistema,True,False
51180,C_after,after,sashakots,net_atribucii,True,False
52929,A_after_sample,after,vadim_trukhachyov,ispolniteli,True,False
45279,intersection,before,rightcourse,kreml_ap,True,False
61329,A_after_sample,after,warhistoryalconafter,net_atribucii,False,False
40341,C_after,after,podled,ispolniteli,True,False
159,intersection,after,ASWman,ispolniteli,True,False
2355,C_after,after,Agdchan,sistema,True,False
61352,A_after_sample,after,warhistoryalconafter,net_atribucii,False,False
23149,A_after_sample,after,donrf22,ispolniteli,True,False
56846,C_after,after,vozlevoiny,net_atribucii,False,True
53521,intersection,before,vadim_trukhachyov,net_atribucii,False,False
56925,C_after,after,vysokygovorit,ispolniteli,True,False
3211,A_after_sample,after,PravdaShuravi,ispolniteli,True,False
3202,C_after,after,PravdaShuravi,sistema,True,False
31295,C_after,after,mardanaka,sistema,True,False
56683,intersection,before,voenkorKotenok,ispolniteli,True,False
335,A_after_sample,after,ASWman,ispolniteli,True,False
37864,A_after_sample,after,olegsepar,ispolniteli,False,False
38694,C_after,after,opoveshenie,sistema,True,False
32530,C_after,after,mig41,net_atribucii,True,False
34105,C_after,after,milinfolive,net_atribucii,False,False
37866,A_after_sample,after,olegsepar,ispolniteli,False,False
44825,C_after,after,rightcourse,meta_ironiya,True,False
40379,A_after_sample,after,podled,ispolniteli,True,False
31318,intersection,after,mardanaka,net_atribucii,False,False
18147,C_after,after,bomber_fighter,net_atribucii,False,False
24195,C_after,after,dva_majors,sistema,True,False
44768,A_after_sample,after,rightcourse,ispolniteli,True,False
31403,A_after_sample,after,mardanaka,ispolniteli,False,False
110,A_after_sample,after,ASWman,ispolniteli,True,False
48424,C_after,after,RVvoenkor,vneshnij,True,False
37878,C_after,after,olegsepar,ispolniteli,True,False
2352,C_after,after,Agdchan,net_atribucii,True,False
201,C_after,after,ASWman,ispolniteli,True,False
52909,C_after,after,vadim_trukhachyov,sistema,True,False
1270,C_after,after,AdekVatnye_novosty,net_atribucii,False,False
27484,A_after_sample,after,golosmordora1,ispolniteli,True,False
44658,C_after,after,rightcourse,sistema,True,False
23147,C_after,after,donrf22,sistema,True,False
44744,intersection,after,rightcourse,ispolniteli,True,False
183,C_after,after,ASWman,meta_ironiya,True,False
23164,C_after,after,donrf22,sistema,True,False
44780,C_after,after,rightcourse,sistema,True,False
50946,C_after,after,sanya_florida,vneshnij,True,False
5837,A_after_sample,after,SolovievLive,ispolniteli,False,False
41390,C_after,after,readovkanews,net_atribucii,False,False
52935,intersection,after,vadim_trukhachyov,sistema,True,False
50114,C_after,after,rybar,sistema,True,False
3124,C_after,after,DeusVultDonbass,net_atribucii,False,False
40278,C_after,after,panzwaffle,net_atribucii,True,False
157,C_after,after,ASWman,ispolniteli,True,False
61741,intersection,before,warhistoryalconafter,ispolniteli,True,False
28428,A_after_sample,after,holmogor_talks,ispolniteli,True,False
34091,A_after_sample,after,milinfolive,net_atribucii,False,False
35283,intersection,after,nationconsunion,meta_ironiya,True,False
61419,A_after_sample,after,warhistoryalconafter,ispolniteli,True,False
44822,A_after_sample,after,rightcourse,ispolniteli,False,False
61377,C_after,after,warhistoryalconafter,net_atribucii,True,False
52150,C_after,after,soldat_prav,sistema,True,False
52904,C_after,after,vadim_trukhachyov,sistema,True,False
53712,intersection,after,veteranrossii_online,peskov,False,False
56797,C_after,after,voenniikadrovik,ispolniteli,False,False
44765,C_after,after,rightcourse,sistema,True,False
28440,C_after,after,holmogor_talks,ispolniteli,True,False
44755,C_after,after,rightcourse,sistema,True,False
61398,C_after,after,warhistoryalconafter,net_atribucii,False,False
24235,C_after,after,dva_majors,ispolniteli,True,False
18285,C_after,after,boris_rozhin,vneshnij,False,False
52003,C_after,after,sibrednek,ispolniteli,True,False
41319,C_after,after,readovkanews,ispolniteli,False,False
18172,C_after,after,bomber_fighter,sistema,True,False
37561,A_after_sample,after,notes_veterans,ispolniteli,True,False
23180,C_after,after,donrf22,net_atribucii,False,False
55473,C_after,after,vlagr,sistema,True,False
28449,C_after,after,holmogor_talks,ispolniteli,True,False
25401,C_after,after,epoddubny,sistema,True,False
44761,A_after_sample,after,rightcourse,ispolniteli,True,False
35302,C_after,after,nationconsunion,kreml_ap,True,False
37833,A_after_sample,after,olegsepar,ispolniteli,True,False
28382,C_after,after,holmogor_talks,ispolniteli,True,False
24189,C_after,after,dva_majors,ispolniteli,False,False
6150,intersection,after,SolovievLive,peskov,False,False
35064,C_after,after,mkoleda,net_atribucii,False,False
64982,A_after_sample,after,yurasumy,sistema,True,False
29109,C_after,after,ikakprosto,vneshnij,True,False
16719,C_after,after,SonOfMonarchy,sistema,True,False
368,A_after_sample,after,ASWman,ispolniteli,True,False
40362,C_after,after,podled,ispolniteli,True,False
44791,A_after_sample,after,rightcourse,sistema,True,False
73,A_after_sample,after,ASWman,sistema,True,False
6257,C_after,after,SolovievLive,net_atribucii,False,False
50140,C_after,after,rybar,sistema,True,False
46445,C_after,after,RSaponkov,sistema,False,
344,C_after,after,ASWman,sistema,True,
5640,C_after,after,SolovievLive,vneshnij,False,
55261,C_after,after,vezhlivye_zlye,sistema,True,
148,A_after_sample,after,ASWman,ispolniteli,True,
31370,C_after,after,mardanaka,ispolniteli,True,
31397,C_after,after,mardanaka,sistema,True,
6331,C_after,after,SolovievLive,net_atribucii,False,
31264,A_after_sample,after,mardanaka,ispolniteli,True,
61190,C_after,after,warhistoryalconafter,sistema,False,
3213,C_after,after,PravdaShuravi,ispolniteli,True,
42729,intersection,before,readovkanews,net_atribucii,False,
48451,C_after,after,RVvoenkor,sistema,False,
45,C_after,after,ASWman,sistema,True,
34439,C_after,after,militarymaps,sistema,True,
17699,intersection,before,antiseptic_channel,net_atribucii,False,
34055,C_after,after,milinfolive,net_atribucii,False,
23168,C_after,after,donrf22,ispolniteli,True,
23123,A_after_sample,after,donrf22,ispolniteli,True,
61424,intersection,after,warhistoryalconafter,ispolniteli,False,
48446,C_after,after,RVvoenkor,sistema,False,
16706,C_after,after,SonOfMonarchy,sistema,False,
44663,C_after,after,rightcourse,sistema,True,
25674,C_after,after,first_political,sistema,False,
38692,C_after,after,opoveshenie,net_atribucii,False,
32549,C_after,after,mig41,sistema,True,
61195,C_after,after,warhistoryalconafter,sistema,True,
48535,A_after_sample,after,RVvoenkor,ispolniteli,False,
23183,C_after,after,donrf22,sistema,True,
53734,A_after_sample,after,veteranrossii_online,net_atribucii,False,
37823,C_after,after,olegsepar,net_atribucii,False,
36665,C_after,after,new_militarycolumnist,ispolniteli,True,
36615,A_after_sample,after,new_militarycolumnist,ispolniteli,True,
61330,A_after_sample,after,warhistoryalconafter,net_atribucii,False,
32519,A_after_sample,after,mig41,ispolniteli,False,
23254,C_after,after,donrf22,sistema,True,
31259,A_after_sample,after,mardanaka,sistema,True,
37569,C_after,after,notes_veterans,sistema,False,
20406,C_after,after,chvkmedia,ispolniteli,True,
44710,C_after,after,rightcourse,sistema,True,
1278,C_after,after,AdekVatnye_novosty,sistema,False,
27480,intersection,after,golosmordora1,net_atribucii,False,
52974,C_after,after,vadim_trukhachyov,ispolniteli,True,
41237,C_after,after,rabotaembrat,sistema,False,
22790,C_after,after,DonbassYasinovatayanaliniiOgnia,sistema,True,
44648,C_after,after,rightcourse,sistema,True,
61254,A_after_sample,after,warhistoryalconafter,net_atribucii,False,
55471,C_after,after,vlagr,kreml_ap,True,
34092,C_after,after,milinfolive,sistema,True,
37567,C_after,after,notes_veterans,sistema,False,
5618,intersection,after,SolovievLive,putin_lichno,False,
28433,C_after,after,holmogor_talks,sistema,True,
32485,A_after_sample,after,mig41,ispolniteli,True,
168,C_after,after,ASWman,sistema,True,
47020,intersection,before,russia_nacionalist,sistema,True,
41495,C_after,after,readovkanews,vneshnij,True,
5662,C_after,after,SolovievLive,net_atribucii,False,
23140,C_after,after,donrf22,meta_ironiya,True,
67,C_after,after,ASWman,sistema,True,
6105,C_after,after,SolovievLive,net_atribucii,False,
24177,C_after,after,dva_majors,sistema,True,
1280,C_after,after,AdekVatnye_novosty,sistema,False,
18372,C_after,after,boris_rozhin,vneshnij,False,
123,C_after,after,ASWman,sistema,True,
61441,C_after,after,warhistoryalconafter,ispolniteli,True,
40312,A_after_sample,after,podled,ispolniteli,True,
41322,A_after_sample,after,readovkanews,ispolniteli,False,
18162,C_after,after,bomber_fighter,net_atribucii,False,
64984,C_after,after,yurasumy,net_atribucii,False,
52919,C_after,after,vadim_trukhachyov,ispolniteli,True,
32533,A_after_sample,after,mig41,ispolniteli,False,
312,C_after,after,ASWman,sistema,True,
36627,A_after_sample,after,new_militarycolumnist,ispolniteli,False,
52130,A_after_sample,after,soldat_prav,ispolniteli,True,
37573,C_after,after,notes_veterans,sistema,True,
37854,C_after,after,olegsepar,sistema,True,
52960,A_after_sample,after,vadim_trukhachyov,ispolniteli,True,
54,intersection,after,ASWman,ispolniteli,True,
27494,C_after,after,golosmordora1,sistema,True,
1308,C_after,after,AdekVatnye_novosty,net_atribucii,False,
35306,C_after,after,nationconsunion,meta_ironiya,True,
170,C_after,after,ASWman,sistema,True,
34060,C_after,after,milinfolive,ispolniteli,True,
56842,C_after,after,vozlevoiny,sistema,True,
25657,C_after,after,first_political,sistema,False,
52122,A_after_sample,after,soldat_prav,ispolniteli,True,
37578,C_after,after,notes_veterans,sistema,False,
31117,C_after,after,lobaev_vlad,ispolniteli,True,
28404,C_after,after,holmogor_talks,ispolniteli,True,
347,A_after_sample,after,ASWman,ispolniteli,True,
28454,C_after,after,holmogor_talks,sistema,True,
61236,A_after_sample,after,warhistoryalconafter,net_atribucii,False,
56362,C_after,after,voenkorKotenok,net_atribucii,False,
6081,C_after,after,SolovievLive,vneshnij,True,
28416,C_after,after,holmogor_talks,sistema,True,
46692,A_after_sample,after,rusfleet,net_atribucii,False,
31300,A_after_sample,after,mardanaka,ispolniteli,True,
28240,C_after,after,Hard_Blog_Line,sistema,True,
3776,C_after,after,SIL0VIKI,sistema,True,
261,C_after,after,ASWman,sistema,True,
18168,C_after,after,bomber_fighter,net_atribucii,False,
17235,C_after,after,Ural_Otvag2022,net_atribucii,False,
29218,C_after,after,istorijaoruzijaZ,sistema,True,
44726,C_after,after,rightcourse,sistema,True,
825,intersection,before,ASWman,net_atribucii,True,
18223,C_after,after,boris_rozhin,net_atribucii,False,
46613,intersection,before,RSaponkov,net_atribucii,False,
61342,A_after_sample,after,warhistoryalconafter,net_atribucii,False,
37853,C_after,after,olegsepar,sistema,True,
103,A_after_sample,after,ASWman,ispolniteli,True,
3208,C_after,after,PravdaShuravi,net_atribucii,False,
61151,C_after,after,warhistoryalconafter,sistema,False,
52132,C_after,after,soldat_prav,sistema,False,
18249,C_after,after,boris_rozhin,ispolniteli,True,
6006,C_after,after,SolovievLive,net_atribucii,False,
146,A_after_sample,after,ASWman,ispolniteli,True,
18258,C_after,after,boris_rozhin,vneshnij,False,
55521,intersection,before,vlagr,sistema,True,
18173,C_after,after,bomber_fighter,sistema,True,
56347,C_after,after,voenkorKotenok,sistema,False,
40327,A_after_sample,after,podled,ispolniteli,True,
55468,C_after,after,vlagr,sistema,True,
50930,C_after,after,sanya_florida,ispolniteli,True,
213,C_after,after,ASWman,sistema,True,
56930,C_after,after,vysokygovorit,ispolniteli,True,
365,C_after,after,ASWman,net_atribucii,False,
17761,intersection,before,antiseptic_channel,net_atribucii,False,
52968,C_after,after,vadim_trukhachyov,ispolniteli,True,
31360,C_after,after,mardanaka,sistema,True,
3794,intersection,after,SIL0VIKI,sistema,True,
61181,C_after,after,warhistoryalconafter,sistema,False,
37774,A_after_sample,after,olegsepar,ispolniteli,True,
44730,A_after_sample,after,rightcourse,sistema,True,
37776,C_after,after,olegsepar,ispolniteli,True,
52125,C_after,after,soldat_prav,sistema,True,
20384,A_after_sample,after,chvkmedia,ispolniteli,False,
