Topic,Words,Frequency,Timestamp
-1,"украинских, украину, украиной, россию, украины",3192,2022-02-24 00:00:00+00:00
0,"украину, украинских, украиной, россию, украинцы",1616,2022-02-24 00:00:00+00:00
1,"санкций, говорит, переговорах, санкции, санкции против",3,2022-02-24 00:00:00+00:00
2,"грузии, митинги, россию, сторонников, сторонники",1,2022-02-24 00:00:00+00:00
3,"оппозиции, оппозиция, новый, правящей партии, правящей",1,2022-02-24 00:00:00+00:00
4,"выборах, выборы, выборов, политиков, левых",3,2022-02-24 00:00:00+00:00
5,"российского лидера, доверие, доверия, россиян, неделю",25,2022-02-24 00:00:00+00:00
7,"победил, турции, результаты, победит, победу",7,2022-02-24 00:00:00+00:00
8,"великой отечественной, главнокомандующего, отмечают, штаба, служба",4,2022-02-24 00:00:00+00:00
12,"абхазии, независимость, президенты, поддерживают, республику",5,2022-02-24 00:00:00+00:00
13,"санкции против, санкции, санкций, против россии, российских",54,2022-02-24 00:00:00+00:00
15,"российского лидера, бразилии, глава государства, санкций, говорит",5,2022-02-24 00:00:00+00:00
19,"завершился, лукашенко, покинули, часа, покинул",3,2022-02-24 00:00:00+00:00
21,"подписал указ, указ, указом, указа, отставке",6,2022-02-24 00:00:00+00:00
23,"переговоры, переговоров, премьер министра, премьер министр, израиль",23,2022-02-24 00:00:00+00:00
24,"крыму, крым, крыма, состоялся, россией",8,2022-02-24 00:00:00+00:00
-1,"украину, украинских, военные, россию, нужно",1786,2022-03-26 00:00:00+00:00
0,"говорит, россию, россией, российские, военных",1380,2022-03-26 00:00:00+00:00
1,"властей, ситуация, переворот, переворота, власть",2,2022-03-26 00:00:00+00:00
2,"санкции, грузии, против россии, россией, участвует",3,2022-03-26 00:00:00+00:00
4,"выборов, выборах, выборы, президентских выборах, президентских выборов",107,2022-03-26 00:00:00+00:00
5,"доверия, поддерживают, работает, мнению, выводы",21,2022-03-26 00:00:00+00:00
8,"обороны, вооруженных сил, военных, войск, военно",1,2022-03-26 00:00:00+00:00
13,"санкций, санкции против, санкции, российские, российских",19,2022-03-26 00:00:00+00:00
14,"осетии, ближайшее время, состоится, россией, проведут",85,2022-03-26 00:00:00+00:00
19,"завершился, переговорах, переговоров, переговоры, часа",6,2022-03-26 00:00:00+00:00
21,"подписал указ, указом, указ, отставке, указе",1,2022-03-26 00:00:00+00:00
24,"крыму, крым, крыма, нашими, демонстрации",2,2022-03-26 00:00:00+00:00
-1,"военные, нужно, военных, армии, людей",1495,2022-04-25 00:00:00+00:00
0,"украинских, военных, войска, обороны, людей",1146,2022-04-25 00:00:00+00:00
2,"грузии, отказывается, требуют, оппозиции, отказалась",5,2022-04-25 00:00:00+00:00
4,"выборами, выборах, выборы, выборов, политическом",5,2022-04-25 00:00:00+00:00
5,"доверия, поддерживают, россиян, оценка, оценки",12,2022-04-25 00:00:00+00:00
8,"обороны, великой отечественной, министерства обороны, вооруженных сил, охраны",2,2022-04-25 00:00:00+00:00
13,"санкции, санкции против, санкций, великобритания, антироссийские",15,2022-04-25 00:00:00+00:00
14,"осетии, россией, президентской, президентских, кандидат президенты",43,2022-04-25 00:00:00+00:00
15,"конфликта украине, конфликта, бразилии, призвал, кремль",2,2022-04-25 00:00:00+00:00
19,"встреча, встречи, разговор, часа, минут",1,2022-04-25 00:00:00+00:00
22,"задержали, задержан, силовики, уголовное, грозит",6,2022-04-25 00:00:00+00:00
23,"российского лидера, обсудили, израиль, израиля, премьер министра",9,2022-04-25 00:00:00+00:00
24,"крыму, крым, крыма, ссср, это стало",1,2022-04-25 00:00:00+00:00
-1,"украину, украинских, санкций, конфликта, россию",1548,2022-05-25 00:00:00+00:00
0,"санкций, украину, россию, главное, нужно",980,2022-05-25 00:00:00+00:00
1,"властей, белого дома, чиновники, ситуация, задержания",3,2022-05-25 00:00:00+00:00
2,"грузии, правительство, против, правительства, отказалась",2,2022-05-25 00:00:00+00:00
4,"парламенте, парламент, выборы, выборах, выборов",6,2022-05-25 00:00:00+00:00
5,"доверие, доверия, большинство, россиян, считают",15,2022-05-25 00:00:00+00:00
7,"кандидатом, турции, 2023 года, 2023, 2023 году",6,2022-05-25 00:00:00+00:00
8,"совета безопасности, суверенитета, законом, председателем, совет",1,2022-05-25 00:00:00+00:00
9,"назначен, назначил, назначены, вооруженных сил, военно",1,2022-05-25 00:00:00+00:00
12,"абхазии, санкций, туристов, последствия, ограничения",1,2022-05-25 00:00:00+00:00
13,"санкции против, санкций, санкции, подписал указ, кремля",10,2022-05-25 00:00:00+00:00
14,"осетии, заявил глава, россией, российской федерации, республике",8,2022-05-25 00:00:00+00:00
21,"отставке, кремля, назначена, должность, сообщила",9,2022-05-25 00:00:00+00:00
30,"украину, выборах, вооруженные, серьезно, шансы",12,2022-05-25 00:00:00+00:00
-1,"украину, пишет, россию, нужно, санкций",1403,2022-06-24 00:00:00+00:00
0,"войска, украинских, военных, обороны, войск",974,2022-06-24 00:00:00+00:00
1,"протесты, протестов, протестующие, беспорядков, переворот",2,2022-06-24 00:00:00+00:00
5,"доверие, доверия, россиян, лидера, мнение",8,2022-06-24 00:00:00+00:00
7,"протесты, турции, оппозиции, оппозиция, рабочих",1,2022-06-24 00:00:00+00:00
10,"главнокомандующего, военных, вооруженных сил, обороны, вооруженных",2,2022-06-24 00:00:00+00:00
13,"санкций, санкции, санкции против, список, российских",3,2022-06-24 00:00:00+00:00
15,"переговоров, телефонный разговор, разговор, обсудить, телефону",3,2022-06-24 00:00:00+00:00
21,"отставке, кремля, доверия, подтвердил, пост",1,2022-06-24 00:00:00+00:00
22,"покушение, терроризма, грозит, призывал, уголовное",2,2022-06-24 00:00:00+00:00
25,"гражданство, гражданами, гражданам, украинским, подписал указ",2,2022-06-24 00:00:00+00:00
30,"выяснилось, расследование, военнослужащих, преступления, военных",2,2022-06-24 00:00:00+00:00
-1,"россию, нужно, украину, говорит, должны",992,2022-07-24 00:00:00+00:00
0,"ситуацию, россию, российские, россией, людей",700,2022-07-24 00:00:00+00:00
1,"боевиков, протесты, беспорядки, конфликт, войска",9,2022-07-24 00:00:00+00:00
2,"грузии, осетии, случилось, врагов, спустя",3,2022-07-24 00:00:00+00:00
3,"мобилизации, отставку, президентского, ядерного оружия, вооруженные",2,2022-07-24 00:00:00+00:00
5,"доверие, доверия, политиков, плохо, речь идет",15,2022-07-24 00:00:00+00:00
7,"глава государства, президенты, турции, развития, туре",1,2022-07-24 00:00:00+00:00
8,"войск, военного, войска, военно, авиации",12,2022-07-24 00:00:00+00:00
9,"министра обороны, россия new_militarycolumnist, заместителя, вооруженных сил, назначен",6,2022-07-24 00:00:00+00:00
11,"инцидент, видео, падения, попал, пострадал",2,2022-07-24 00:00:00+00:00
13,"санкции против, санкции, санкций, список, против россии",3,2022-07-24 00:00:00+00:00
14,"осетии, россией, писали, государственности, сказал",2,2022-07-24 00:00:00+00:00
15,"переговорах, переговоров, разговор, бразилии, телефонный разговор",1,2022-07-24 00:00:00+00:00
19,"завершился, переговорах, итогам, переговоров, переговоры",6,2022-07-24 00:00:00+00:00
20,"теракта, журналист, русским, честно, покушение",41,2022-07-24 00:00:00+00:00
22,"протест, насилия, силовики, ненависти, приговор",2,2022-07-24 00:00:00+00:00
23,"переговоры, израиля, обсудили, израиль, отношений",1,2022-07-24 00:00:00+00:00
25,"российское, российского, родине, российский, российским",1,2022-07-24 00:00:00+00:00
28,"планируют, готовятся, хотят, совета безопасности, проводят",1,2022-07-24 00:00:00+00:00
30,"нового, новые, новая, двух стран, предлагает",1,2022-07-24 00:00:00+00:00
-1,"россию, мобилизации, военнослужащих, россией, украину",1523,2022-08-23 00:00:00+00:00
0,"мобилизации, россию, военные, конфликта, россией",1133,2022-08-23 00:00:00+00:00
1,"планируется, вооруженных, вооруженными, рассматривается, демонстрации",2,2022-08-23 00:00:00+00:00
3,"ядерного оружия, ядерного, официально, государством, правящей",2,2022-08-23 00:00:00+00:00
4,"протесты, протесты против, протестующих, недовольны, протест",4,2022-08-23 00:00:00+00:00
5,"доверие, доверия, большинство, мнение, неделю",9,2022-08-23 00:00:00+00:00
8,"отмечает, отмечается, армии, праздник, день",3,2022-08-23 00:00:00+00:00
10,"военных, майора, армия, верховному, работают",3,2022-08-23 00:00:00+00:00
12,"абхазии, республику, республики, независимость, республике",2,2022-08-23 00:00:00+00:00
13,"санкциями, санкции против, санкции, санкций, список",5,2022-08-23 00:00:00+00:00
14,"осетии, министром обороны, министерства обороны, замминистра, министра иностранных",3,2022-08-23 00:00:00+00:00
20,"сказать, победой, правда, людям, честно",19,2022-08-23 00:00:00+00:00
21,"отставке, назначен, официальном, назначил, бизнес",1,2022-08-23 00:00:00+00:00
24,"крым, крыму, крыма, украины, киеве",1,2022-08-23 00:00:00+00:00
26,"покушение, вице, коррупции, человек, якобы",2,2022-08-23 00:00:00+00:00
30,"властей, инцидент, нападения, кортеж, действуют",4,2022-08-23 00:00:00+00:00
-1,"мобилизации, нужно, россию, должны, людей",2152,2022-09-22 00:00:00+00:00
0,"подписал указ, мобилизации, указ, регионах, областей",1742,2022-09-22 00:00:00+00:00
1,"переворот, переворота, беспорядки, вооруженные, боевиков",6,2022-09-22 00:00:00+00:00
2,"грузии, россиян, россию, границей, россией",4,2022-09-22 00:00:00+00:00
3,"очередные, ядерного оружия, ракеты, идет, провокации",1,2022-09-22 00:00:00+00:00
5,"доверие, доверия, большинство, неделе, мнение",9,2022-09-22 00:00:00+00:00
7,"выборах, турции, эфире, выборами, выборы",1,2022-09-22 00:00:00+00:00
9,"обороны, нужны, губернатора, силами, войсками",1,2022-09-22 00:00:00+00:00
10,"верховному, верховным, майора, верховного, украину",2,2022-09-22 00:00:00+00:00
13,"санкции, санкции против, санкций, российских, россиян",5,2022-09-22 00:00:00+00:00
14,"поддержал, поддерживает, осетии, признал, позволит",1,2022-09-22 00:00:00+00:00
16,"крыму, пострадавших, крым, крыма, произошло",24,2022-09-22 00:00:00+00:00
18,"катастрофы, самолета, инцидент, падения, самолет",1,2022-09-22 00:00:00+00:00
19,"переговорах, завершилось, завершился, переговоров, переговоры",1,2022-09-22 00:00:00+00:00
20,"уважения, улицу, появилась, русской, честь",5,2022-09-22 00:00:00+00:00
21,"отставке, евросоюз, кремля, пост, европы",7,2022-09-22 00:00:00+00:00
22,"терроризма, террористической, задержали, уголовное, вооруженными",1,2022-09-22 00:00:00+00:00
24,"кремле, состав россии, крыму, 2014 году, 2014 года",1,2022-09-22 00:00:00+00:00
25,"гражданство, россию, российского, российское, российским",7,2022-09-22 00:00:00+00:00
30,"предлагает, властей, планируется, предложения, говоря",1,2022-09-22 00:00:00+00:00
-1,"украину, россию, нужно, цель, ситуация",1901,2022-10-22 00:00:00+00:00
0,"мобилизации, украинских, войска, военных, украиной",1568,2022-10-22 00:00:00+00:00
1,"беспорядки, властями, беспорядков, протестов, боевиков",6,2022-10-22 00:00:00+00:00
2,"грузии, силовиков, оппозиции, политическая, возможно",2,2022-10-22 00:00:00+00:00
3,"украину, отреагировали, южной, прокомментировал, вооружений",8,2022-10-22 00:00:00+00:00
4,"партию, партия, партии, объединение, выборы",1,2022-10-22 00:00:00+00:00
5,"доверие, доверия, неделю, плохо, снижение",9,2022-10-22 00:00:00+00:00
8,"российских военных, разведки, военных, военного, вооруженных",6,2022-10-22 00:00:00+00:00
10,"военных, майора, верховному, армия, верховного",3,2022-10-22 00:00:00+00:00
13,"санкции против, санкции, санкций, список, чиновников",3,2022-10-22 00:00:00+00:00
15,"бразилии, пишут, выборах, санкций, мнению",4,2022-10-22 00:00:00+00:00
16,"сроки, планируется, начнется, планируют, крым",10,2022-10-22 00:00:00+00:00
17,"министром обороны, министра обороны, министра, министром, контролем",1,2022-10-22 00:00:00+00:00
19,"завершился, переговорах, переговоров, переговоры, часа",3,2022-10-22 00:00:00+00:00
20,"россию, говорит, мысли, говорится, интервью",1,2022-10-22 00:00:00+00:00
23,"премьером, премьер министром, победил, премьер, выборах",2,2022-10-22 00:00:00+00:00
-1,"военнослужащих, военных, нужно, армии, обороны",1817,2022-11-21 00:00:00+00:00
0,"украинских, украину, украина, спецоперации, россию",1244,2022-11-21 00:00:00+00:00
1,"вооруженных, боевиков, ситуация, произошло, властей",8,2022-11-21 00:00:00+00:00
2,"грузии, видео, человек, протестующих, протеста",3,2022-11-21 00:00:00+00:00
3,"видео, президентского, инцидент, произошел, выступления",1,2022-11-21 00:00:00+00:00
4,"президентских, расследование, президентской, президентских выборах, кампании",3,2022-11-21 00:00:00+00:00
5,"доверие, доверия, неделю, стабильность, недели",7,2022-11-21 00:00:00+00:00
7,"турции, выборах, выборов, туре, предвыборной",2,2022-11-21 00:00:00+00:00
8,"разведки, вооруженных сил, ссср, декабря, российской федерации",4,2022-11-21 00:00:00+00:00
10,"пишут, майора, военных, верховному, сказал",2,2022-11-21 00:00:00+00:00
14,"осетии, посетил, посетить, россией, военнослужащие",2,2022-11-21 00:00:00+00:00
15,"поздравил, успехов, переговорах, бразилии, победой",2,2022-11-21 00:00:00+00:00
16,"крым, сроки, крыма, планируется, временно",26,2022-11-21 00:00:00+00:00
19,"завершился, завершилось, переговорах, переговоров, лукашенко",3,2022-11-21 00:00:00+00:00
20,"русская, мысли, день, родина, рождения",2,2022-11-21 00:00:00+00:00
21,"кремля, отставке, назначен, российской федерации, посол",2,2022-11-21 00:00:00+00:00
22,"экстремистов, боевиков, задержали, украинских, задержан",4,2022-11-21 00:00:00+00:00
29,"родился, словами, основатель, истории, автор",1,2022-11-21 00:00:00+00:00
30,"планируется, вооруженных, планирует, переговоры, сообщается",1,2022-11-21 00:00:00+00:00
-1,"военные, военных, обороны, войск, конфликта",1802,2022-12-21 00:00:00+00:00
0,"военнослужащих, военные, обороны, войска, военных",1051,2022-12-21 00:00:00+00:00
1,"конфликта, вооруженные, боевиков, протесты, властями",10,2022-12-21 00:00:00+00:00
2,"грузии, протестующих, протестующие, надеется, протестов",5,2022-12-21 00:00:00+00:00
3,"ситуация, беспилотников, вооруженных сил, военные, южной",7,2022-12-21 00:00:00+00:00
4,"цены, недовольство, протесты, отставку, призвал",1,2022-12-21 00:00:00+00:00
5,"доверие, доверия, большинство, россиян, политические",5,2022-12-21 00:00:00+00:00
6,"поручил, кремль, кремле, войска, остановить",56,2022-12-21 00:00:00+00:00
7,"президентские, выборами, выборах, выборы, президентских выборах",4,2022-12-21 00:00:00+00:00
8,"обороны, вооруженных сил, вооруженных, военно, вооружённых",1,2022-12-21 00:00:00+00:00
10,"военных, армии, верховному, армия, майора",3,2022-12-21 00:00:00+00:00
13,"санкций, санкции, санкции против, врагов, список",2,2022-12-21 00:00:00+00:00
15,"бразилии, переговорах, ждут, встречу, переговоров",2,2022-12-21 00:00:00+00:00
21,"назначен, назначил, подписал указ, посла, посол",2,2022-12-21 00:00:00+00:00
22,"силовиков, уголовное, силовики, соцсети, грозит",1,2022-12-21 00:00:00+00:00
23,"премьером, премьер министра, премьер министр, премьер министром, премьер",7,2022-12-21 00:00:00+00:00
24,"напомнил, россию, целью, русскими, крыму",2,2022-12-21 00:00:00+00:00
25,"гражданство, обратился, угроза, россию, рассказать",5,2022-12-21 00:00:00+00:00
-1,"военных, конфликта, мобилизации, обороны, военной",1347,2023-01-20 00:00:00+00:00
0,"украину, украинских, россию, военные, войска",778,2023-01-20 00:00:00+00:00
1,"вооруженные, вооруженных, происходит, ситуация, боевиков",10,2023-01-20 00:00:00+00:00
2,"грузии, властям, обвинил, спецслужб, политический",5,2023-01-20 00:00:00+00:00
3,"ядерного оружия, ядерной, ядерного, произошло, обороны",3,2023-01-20 00:00:00+00:00
4,"франции, отставку, протесты, выборах, парламенте",2,2023-01-20 00:00:00+00:00
5,"доверие, доверия, главе государства, политиков, неделю",16,2023-01-20 00:00:00+00:00
7,"турции, выборы, выборах, выборов, туре",11,2023-01-20 00:00:00+00:00
8,"гражданской, авиации, воздушное, 100, великой отечественной",1,2023-01-20 00:00:00+00:00
9,"назначен, назначил, заместителя, назначены, замминистра",7,2023-01-20 00:00:00+00:00
10,"военных, майора, самое главное, верховному, верховным",1,2023-01-20 00:00:00+00:00
12,"абхазии, совета безопасности, суверенитета, республику, республики",1,2023-01-20 00:00:00+00:00
13,"санкции против, санкции, антироссийских, санкций, список",2,2023-01-20 00:00:00+00:00
14,"кремле, ближайшее время, осетии, состоится, абхазии",1,2023-01-20 00:00:00+00:00
15,"бразилии, обсудить, предлагает, серьезно, обмен",4,2023-01-20 00:00:00+00:00
20,"говорит, мысли, сказал, русским, говорится",1,2023-01-20 00:00:00+00:00
21,"отставке, кремля, подписал указ, указом, указ",3,2023-01-20 00:00:00+00:00
23,"израиль, переговоры, израиля, обсудили, премьер министра",1,2023-01-20 00:00:00+00:00
25,"гражданство, боевиков, россию, обратился, российское",1,2023-01-20 00:00:00+00:00
-1,"украину, украинских, конфликта, россию, переговоры",2351,2023-02-19 00:00:00+00:00
0,"россию, конфликта, россией, война, войны",1691,2023-02-19 00:00:00+00:00
1,"происходит, вооруженные, выборы, конфликта, боевиков",16,2023-02-19 00:00:00+00:00
2,"грузии, протесты, протестов, силовиков, протеста",21,2023-02-19 00:00:00+00:00
3,"украину, поставки, спецоперации украине, южной, ядерного оружия",1,2023-02-19 00:00:00+00:00
4,"протестующие, протеста, протесты, франции, беспорядки",2,2023-02-19 00:00:00+00:00
5,"доверия, кремле, россиян, искренне, честно",3,2023-02-19 00:00:00+00:00
7,"турции, выборах, выборы, выборов, оппозиции",8,2023-02-19 00:00:00+00:00
9,"назначил, назначен, назначены, заместителя, подписал указ",4,2023-02-19 00:00:00+00:00
10,"майора, уважаемые, военные, военных, верховному",4,2023-02-19 00:00:00+00:00
12,"абхазии, переговоры, делегация, обсудили, соотечественников",1,2023-02-19 00:00:00+00:00
13,"санкциями, санкции против, санкции, санкций, запретил",9,2023-02-19 00:00:00+00:00
14,"осетии, понимают, военнослужащие, уверенностью, обеспечения",1,2023-02-19 00:00:00+00:00
16,"благодаря, восстановлению, работает, восстановления, спасибо",1,2023-02-19 00:00:00+00:00
19,"завершился, переговорах, переговоров, переговоры, часа",10,2023-02-19 00:00:00+00:00
21,"подписал указ, назначил, назначен, указом, указ",1,2023-02-19 00:00:00+00:00
22,"терроризма, уголовное, ненависти, военнослужащим, уголовного",1,2023-02-19 00:00:00+00:00
24,"крыму, крым, крыма, собрались, россией",6,2023-02-19 00:00:00+00:00
25,"гражданство, российское, граждане, русских, российского",8,2023-02-19 00:00:00+00:00
26,"британские, властей, великобритания, переговорах, великобритании",1,2023-02-19 00:00:00+00:00
27,"абхазии, грузии, беспорядков, меры, ситуацией",1,2023-02-19 00:00:00+00:00
30,"властей, чиновников, убийства, снова, левых",1,2023-02-19 00:00:00+00:00
-1,"военных, обороны, армии, украину, нужно",1650,2023-03-21 00:00:00+00:00
0,"украинских, военные, военнослужащих, военных, ситуация",1029,2023-03-21 00:00:00+00:00
1,"боевиков, вооруженные, происходит, протесты, террористов",9,2023-03-21 00:00:00+00:00
2,"обвинил, власть, правящей, ответственность, президентский",1,2023-03-21 00:00:00+00:00
3,"отреагировали, украину, южной, поддержку, выразили",3,2023-03-21 00:00:00+00:00
4,"протестующих, протестующие, протесты, протестов, протесты против",16,2023-03-21 00:00:00+00:00
5,"доверие, доверия, большинство, россиян, работает",6,2023-03-21 00:00:00+00:00
6,"праздник, видео, говорит, появилось, период",1,2023-03-21 00:00:00+00:00
7,"оппозиции, выборах, выборы, выборов, президентских выборах",4,2023-03-21 00:00:00+00:00
8,"обороны, военных, вооруженных, армии, войска",7,2023-03-21 00:00:00+00:00
10,"военных, армия, майора, внутри страны, наших",1,2023-03-21 00:00:00+00:00
13,"санкции, санкции против, санкций, запрет, ввели",3,2023-03-21 00:00:00+00:00
15,"бразилии, обсудить, предлагает, предложил, хочет",7,2023-03-21 00:00:00+00:00
16,"крыму, одобрил, крым, вице премьер, транспорта",3,2023-03-21 00:00:00+00:00
19,"переговоров, покинули, переговорах, завершился, переговоры",2,2023-03-21 00:00:00+00:00
21,"отставке, подписал указ, указом, кремля, указ",13,2023-03-21 00:00:00+00:00
22,"экстремистов, терроризма, силовиков, интернет, теракта",7,2023-03-21 00:00:00+00:00
24,"крыму, крым, крыма, россию, отметили",3,2023-03-21 00:00:00+00:00
-1,"украину, нужно, обороны, конфликта, украинских",1257,2023-04-20 00:00:00+00:00
0,"кремля, кремль, беспилотников, украину, россию",1039,2023-04-20 00:00:00+00:00
1,"протестующих, вооруженные, происходит, боевиков, протестов",3,2023-04-20 00:00:00+00:00
2,"грузии, отреагировали, санкций, россию, россией",17,2023-04-20 00:00:00+00:00
3,"украину, украины, отношения, главы государства, оружие",10,2023-04-20 00:00:00+00:00
4,"протестов, протеста, протесты, отставку, отреагировали",5,2023-04-20 00:00:00+00:00
5,"доверие, доверия, процентов, оценка, неделю",10,2023-04-20 00:00:00+00:00
7,"турции, выборов, выборы, выборах, выборами",104,2023-04-20 00:00:00+00:00
13,"санкции против, санкции, санкций, список, российских",1,2023-04-20 00:00:00+00:00
15,"конфликта украине, бразилии, переговорах, переговоры, переговоров",1,2023-04-20 00:00:00+00:00
16,"крыму, крым, крыма, украинский, украинские",1,2023-04-20 00:00:00+00:00
21,"кремля, отставке, указом, подписал указ, указ",3,2023-04-20 00:00:00+00:00
22,"уголовное, задержали, уголовного, задержан, грозит",2,2023-04-20 00:00:00+00:00
24,"крыму, отменить, крым, крыма, совета",4,2023-04-20 00:00:00+00:00
25,"гражданство, российский, гражданина, российским, российского",1,2023-04-20 00:00:00+00:00
-1,"украину, украинских, обороны, военных, украинские",2026,2023-05-20 00:00:00+00:00
0,"россию, россией, украиной, российские, украинских",1289,2023-05-20 00:00:00+00:00
1,"протесты, протестующих, протестов, скандируют, митинги",5,2023-05-20 00:00:00+00:00
2,"грузии, россию, своих граждан, россией, против россии",10,2023-05-20 00:00:00+00:00
4,"протестующих, протеста, протестующие, франции, политиков",4,2023-05-20 00:00:00+00:00
5,"доверие, доверия, большинство, мнение, плохо",4,2023-05-20 00:00:00+00:00
7,"турции, выборов, выборах, выборы, президентские выборы",82,2023-05-20 00:00:00+00:00
9,"министра иностранных, иностранных дел, заместителя, назначен, назначил",1,2023-05-20 00:00:00+00:00
10,"военных, майора, армия, рассказать, оружие",2,2023-05-20 00:00:00+00:00
15,"бразилии, кремль, президентов, россию, саммите",9,2023-05-20 00:00:00+00:00
16,"премьер, поручил, правительства, комиссию, вице премьер",1,2023-05-20 00:00:00+00:00
19,"заседание, кремле, кремля, кремль, переговоров",1,2023-05-20 00:00:00+00:00
21,"отставке, кремля, указом, российской федерации, подписал указ",3,2023-05-20 00:00:00+00:00
22,"антироссийские, задержали, ненависти, протестующих, задержан",3,2023-05-20 00:00:00+00:00
24,"крыму, крым, крыма, украины, конституционный",1,2023-05-20 00:00:00+00:00
-1,"кремле, россию, конфликта, ситуация, главнокомандующего",2474,2023-06-19 00:00:00+00:00
0,"конфликта, ситуацию, войска, ситуация, военных",1548,2023-06-19 00:00:00+00:00
1,"вмешательства, вице, поддержку, вариант, помощь",10,2023-06-19 00:00:00+00:00
2,"грузии, россияне, россиян, российских, россией",1,2023-06-19 00:00:00+00:00
3,"украину, главы государства, украина, украины, президентского",4,2023-06-19 00:00:00+00:00
4,"беспорядки, беспорядков, протестов, протестующих, протестующие",15,2023-06-19 00:00:00+00:00
5,"доверия, веру, большинство, россиян, оценка",11,2023-06-19 00:00:00+00:00
7,"властей, турции, играет, шансы, случилось",2,2023-06-19 00:00:00+00:00
8,"вооруженных сил, дата, отмечается, великой отечественной, инициативе",2,2023-06-19 00:00:00+00:00
9,"интересный, политиков, 2020, лидер, факт",1,2023-06-19 00:00:00+00:00
10,"майора, военных, мнения, армия, верховному",2,2023-06-19 00:00:00+00:00
13,"санкции, санкций, санкции против, ввели, указ",1,2023-06-19 00:00:00+00:00
16,"крыму, крым, ожидается, планируется, крыма",39,2023-06-19 00:00:00+00:00
20,"состоится, ценности, русской, русские, отмечали",2,2023-06-19 00:00:00+00:00
21,"посла, посол, назначен, заместителя, назначил",2,2023-06-19 00:00:00+00:00
22,"уголовное, преступления, терроризма, ареста, уголовного",1,2023-06-19 00:00:00+00:00
29,"родился, день, известной, июля, герой",2,2023-06-19 00:00:00+00:00
30,"говорит, сообщают, украину, протеста, журналистов",5,2023-06-19 00:00:00+00:00
-1,"украину, украинских, украинские, обороны, россию",1378,2023-07-19 00:00:00+00:00
0,"россию, россией, украину, российские, украинских",1237,2023-07-19 00:00:00+00:00
1,"вооруженных, ситуация, переворота, переворот, митинги",172,2023-07-19 00:00:00+00:00
2,"грузии, осетии, выводы, российскими, силовики",4,2023-07-19 00:00:00+00:00
3,"ядерного оружия, борту, ракетами, идет, президентского",1,2023-07-19 00:00:00+00:00
4,"министр внутренних, внутренних дел, министра, поддержал, политиков",1,2023-07-19 00:00:00+00:00
5,"доверия, россиян, большинство, мнение, неделю",8,2023-07-19 00:00:00+00:00
8,"российской армии, военнослужащих, вооруженных сил, армии, войска",6,2023-07-19 00:00:00+00:00
10,"военных, верховному, майора, верховным, верховного",3,2023-07-19 00:00:00+00:00
15,"бразилии, высказался, говорят, говорит, обсуждать",4,2023-07-19 00:00:00+00:00
25,"гражданство, русский, российского, гражданами, русские",1,2023-07-19 00:00:00+00:00
26,"санкции, евросоюз, властей, страну, протесты",1,2023-07-19 00:00:00+00:00
29,"родился, день, состоялась, августа, основатель",1,2023-07-19 00:00:00+00:00
-1,"говорит, украину, военные, россию, украинские",1452,2023-08-18 00:00:00+00:00
0,"россию, россией, российские, переговоры, главное",1227,2023-08-18 00:00:00+00:00
1,"переворот, переворота, властей, власть, боевиков",72,2023-08-18 00:00:00+00:00
2,"грузии, партия, протеста, выборами, правящей",10,2023-08-18 00:00:00+00:00
3,"военные, ядерного оружия, минобороны, россией, военное",1,2023-08-18 00:00:00+00:00
4,"выборах, вероятность, выборов, франции, президентских выборах",3,2023-08-18 00:00:00+00:00
5,"доверия, мнение, властей, уверены, оценка",10,2023-08-18 00:00:00+00:00
7,"турции, туре, экономика, очередной, тур",1,2023-08-18 00:00:00+00:00
8,"вооруженных, танки, вооружённых, великой отечественной, войска",5,2023-08-18 00:00:00+00:00
13,"санкций, санкции, санкциями, санкции против, россию",4,2023-08-18 00:00:00+00:00
14,"осетии, ситуацией, высказался, переговоров, собираются",4,2023-08-18 00:00:00+00:00
15,"бразилии, саммите, обсудить, кремль, властям",9,2023-08-18 00:00:00+00:00
16,"сроки, крыму, восстановлению, крым, получилось",2,2023-08-18 00:00:00+00:00
19,"завершился, переговорах, переговоров, переговоры, покинули",10,2023-08-18 00:00:00+00:00
20,"россию, террористов, людям, говорит, мысли",2,2023-08-18 00:00:00+00:00
21,"отставке, указом, подписал указ, указ, указа",1,2023-08-18 00:00:00+00:00
22,"задержали, задержан, произошел, силовики, инцидент",3,2023-08-18 00:00:00+00:00
26,"властей, проблемой, проблем, кандидаты, сомнения",4,2023-08-18 00:00:00+00:00
29,"родился, день, состоялся, освобождение, открытии",6,2023-08-18 00:00:00+00:00
30,"убийства, властей, людьми, усиления, чиновников",1,2023-08-18 00:00:00+00:00
-1,"конфликта, россию, украину, говорит, военных",1566,2023-09-17 00:00:00+00:00
0,"россию, украину, россией, российские, конфликта",1126,2023-09-17 00:00:00+00:00
1,"переворот, происходит, переворота, власть, властями",37,2023-09-17 00:00:00+00:00
2,"грузии, конституционного, конституционный, конституции, переворота",6,2023-09-17 00:00:00+00:00
3,"ядерного, ядерного оружия, укреплению, парламенте, одобрил",2,2023-09-17 00:00:00+00:00
4,"обвинения, франции, беспорядки, журналистов, левых",2,2023-09-17 00:00:00+00:00
5,"доверия, большинство, политиков, мнение, оценка",11,2023-09-17 00:00:00+00:00
7,"переговорах, турции, правящей партии, отказ, лидеров",1,2023-09-17 00:00:00+00:00
8,"вооруженных, отмечают, вооружений, оружие, праздник",2,2023-09-17 00:00:00+00:00
10,"верховному, верховным, верховного, будем, должны",1,2023-09-17 00:00:00+00:00
12,"абхазии, республике, готов, республики, появится",6,2023-09-17 00:00:00+00:00
14,"государственности, республики, государство, осетии, признать",1,2023-09-17 00:00:00+00:00
15,"бразилии, делегации, встречу, встреча, украины",2,2023-09-17 00:00:00+00:00
16,"хорошие новости, это произошло, крым, произошло, крыма",2,2023-09-17 00:00:00+00:00
18,"российских военных, погибших, погибли, телефонный разговор, российскими",30,2023-09-17 00:00:00+00:00
22,"задержали, задержан, ареста, призывал, силовики",2,2023-09-17 00:00:00+00:00
23,"переговоры, российский лидер, телефонный разговор, обсудили, премьер",17,2023-09-17 00:00:00+00:00
24,"крым, крыму, крыма, людей, свободы",2,2023-09-17 00:00:00+00:00
25,"гражданство, российское, российский, родину, гражданин",6,2023-09-17 00:00:00+00:00
29,"родился, день, рождения, октября, состоялась",7,2023-09-17 00:00:00+00:00
30,"израиль, обвинили, израиля, посольство, иностранных дел",4,2023-09-17 00:00:00+00:00
-1,"украину, израиль, говорит, израиля, украина",1306,2023-10-17 00:00:00+00:00
0,"украинских, конфликта, обороны, россию, военных",849,2023-10-17 00:00:00+00:00
1,"боевиков, задержаны, властей, пытались, проводят",12,2023-10-17 00:00:00+00:00
2,"грузии, протесты, оппозиционных, протеста, конституцию",9,2023-10-17 00:00:00+00:00
3,"помочь, оружием, ядерного оружия, военный осведомитель, лидера",2,2023-10-17 00:00:00+00:00
4,"выборах, политиков, кампании, париже, выборы",2,2023-10-17 00:00:00+00:00
5,"доверия, главе государства, властью, мнение, оценка",12,2023-10-17 00:00:00+00:00
8,"спецназа, вооруженных сил, военнослужащих, войска, военных",9,2023-10-17 00:00:00+00:00
14,"добровольцев, боевиков, военнослужащие, ветераны, отрядов",1,2023-10-17 00:00:00+00:00
15,"переговоры, переговоров, бразилии, переговорах, телефонный разговор",1,2023-10-17 00:00:00+00:00
19,"завершился, покинули, покинул, переговорах, переговоров",2,2023-10-17 00:00:00+00:00
21,"назначен, назначил, подписал указ, посла, посол",1,2023-10-17 00:00:00+00:00
22,"терроризма, террористической, грозит, уголовное, пропаганды",4,2023-10-17 00:00:00+00:00
23,"переговоры, премьер министра, израиль, премьер министр, израиля",3,2023-10-17 00:00:00+00:00
24,"люди, людей, военные, вооруженные, ветераны",1,2023-10-17 00:00:00+00:00
25,"гражданство, гражданина, российским, человека, российское",2,2023-10-17 00:00:00+00:00
26,"выборов, выборы, массы, президентских выборов, правящей партии",1,2023-10-17 00:00:00+00:00
29,"родился, день, русского, русский, ноября",4,2023-10-17 00:00:00+00:00
30,"говорят, нашли, борту, судно, находятся",1,2023-10-17 00:00:00+00:00
-1,"украину, ситуация, конфликта, переговоры, говорит",2119,2023-11-16 00:00:00+00:00
0,"украину, украинских, украины, украина, выборах",1361,2023-11-16 00:00:00+00:00
1,"вооруженные, вооруженных, происходит, вооруженные силы, конфликт",22,2023-11-16 00:00:00+00:00
3,"оппозиции, оппозиция, ядерного оружия, митинг, президентского",2,2023-11-16 00:00:00+00:00
5,"доверия, главы государства, мнению, большинство, президентский",18,2023-11-16 00:00:00+00:00
8,"российской армии, российских военных, военнослужащих, вооруженных сил, армии",4,2023-11-16 00:00:00+00:00
13,"санкции, санкций, санкции против, антироссийские, список",2,2023-11-16 00:00:00+00:00
15,"бразилии, призвал, саммите, кремле, санкций",2,2023-11-16 00:00:00+00:00
16,"крыму, крым, крыма, правительству, произошло",5,2023-11-16 00:00:00+00:00
19,"переговорах, переговоров, переговоры, завершился, завершилось",2,2023-11-16 00:00:00+00:00
20,"активистов, речь идет, говорит, пишут, людей",2,2023-11-16 00:00:00+00:00
21,"подписал указ, указом, указ, назначен, назначил",2,2023-11-16 00:00:00+00:00
22,"задержали, задержан, ареста, силовики, уголовное",5,2023-11-16 00:00:00+00:00
23,"переговоры, телефонный разговор, разговор, премьер министра, премьер",7,2023-11-16 00:00:00+00:00
26,"выборах, выборов, победил, поздравил, выбрали",34,2023-11-16 00:00:00+00:00
29,"родился, русского, русский, русских, русские",7,2023-11-16 00:00:00+00:00
30,"говорят, одобрил, поделился, серьезно, законопроект",1,2023-11-16 00:00:00+00:00
-1,"украину, войска, обороны, военные, украины",1680,2023-12-16 00:00:00+00:00
0,"украину, россию, мобилизации, поддержать, украины",1104,2023-12-16 00:00:00+00:00
1,"вооруженных, вооруженные, властями, властей, боевиков",45,2023-12-16 00:00:00+00:00
2,"грузии, россию, силовиков, протесты, оппозиционных",1,2023-12-16 00:00:00+00:00
3,"парламенте, президенты, нападение, произошел, южной",2,2023-12-16 00:00:00+00:00
4,"министра иностранных, министром, министров, министра, премьером",6,2023-12-16 00:00:00+00:00
5,"главе государства, россиян, большинство, политические, считают",9,2023-12-16 00:00:00+00:00
8,"вооруженных сил, великой отечественной, вооруженных, отмечают, армии",7,2023-12-16 00:00:00+00:00
10,"верховному, майора, военных, верховным, верховного",3,2023-12-16 00:00:00+00:00
12,"абхазии, россией, республике, республику, появится",1,2023-12-16 00:00:00+00:00
13,"санкции против, санкции, антироссийских, антироссийские, санкций",3,2023-12-16 00:00:00+00:00
14,"осетии, признать, союз, ждёт, россией",2,2023-12-16 00:00:00+00:00
20,"российский лидер, лидером, россию, интервью, российский",1,2023-12-16 00:00:00+00:00
22,"задержали, задержан, ареста, соцсетях, интернет",2,2023-12-16 00:00:00+00:00
24,"крыму, крым, крыма, спасибо, поддержку",1,2023-12-16 00:00:00+00:00
25,"гражданство, российское, российского, гражданами, россию",20,2023-12-16 00:00:00+00:00
26,"протесты против, протесты, митинги, протеста, призвали",20,2023-12-16 00:00:00+00:00
29,"русского, русский, русскими, русские, декабря",7,2023-12-16 00:00:00+00:00
-1,"украину, говорит, россию, украины, рассказал",1969,2024-01-15 00:00:00+00:00
0,"говорит, интервью, сказал, переговоров, украину",1534,2024-01-15 00:00:00+00:00
1,"вооруженных, вооруженные, боевиков, ситуация, властей",22,2024-01-15 00:00:00+00:00
2,"грузии, вторжения, россией, против россии, главы государства",1,2024-01-15 00:00:00+00:00
3,"внешней политики, речь идет, отменить, отношениях, отношения",3,2024-01-15 00:00:00+00:00
4,"отставку, политиков, обвинил, беспорядки, франции",1,2024-01-15 00:00:00+00:00
5,"доверия, главы государства, большинство, россияне, россиян",7,2024-01-15 00:00:00+00:00
8,"армии, вооруженных сил, войска, армией, войск",5,2024-01-15 00:00:00+00:00
10,"верховному, верховным, военных, верховного, майора",1,2024-01-15 00:00:00+00:00
12,"избирательном, избирателей, проголосовать, выборы, соотечественников",1,2024-01-15 00:00:00+00:00
20,"интервью, говорит, эфире, мнением, сказал",1,2024-01-15 00:00:00+00:00
21,"подписал указ, кремля, отставке, российской федерации, указом",3,2024-01-15 00:00:00+00:00
22,"задержали, ареста, задержан, силовики, уголовное",3,2024-01-15 00:00:00+00:00
24,"крыму, крым, крыма, независимость, проголосовали",1,2024-01-15 00:00:00+00:00
26,"протестующих, недовольны, правоохранители, задержали, толпа",9,2024-01-15 00:00:00+00:00
29,"родился, русский, русского, русском, святого",5,2024-01-15 00:00:00+00:00
-1,"говорит, украину, россию, нужно, россией",2483,2024-02-14 00:00:00+00:00
0,"военные, украину, войска, украинских, военных",1569,2024-02-14 00:00:00+00:00
1,"властей, протесты, происходит, переворот, власть",11,2024-02-14 00:00:00+00:00
2,"грузии, властями, санкций, санкции, оппозиции",2,2024-02-14 00:00:00+00:00
4,"париже, протестов, выборах, франции, протест",5,2024-02-14 00:00:00+00:00
5,"доверия, поддерживают, лидеров, большинство, россиян",10,2024-02-14 00:00:00+00:00
7,"президенты, турции, туре, президентские, сказать",2,2024-02-14 00:00:00+00:00
8,"российской федерации, ссср, разведки, государственной, подписал указ",2,2024-02-14 00:00:00+00:00
9,"министра обороны, заместителя, обороны, минобороны, вооруженных сил",4,2024-02-14 00:00:00+00:00
10,"верховному, майора, верховного, военных, должны",65,2024-02-14 00:00:00+00:00
13,"санкции, санкции против, санкций, запрет, ограничения",3,2024-02-14 00:00:00+00:00
15,"бразилии, санкций, иностранных дел, визита, министр иностранных",4,2024-02-14 00:00:00+00:00
22,"задержан, задержали, ареста, антироссийских, грозит",3,2024-02-14 00:00:00+00:00
24,"крыму, крым, крыма, лет назад, прошло",15,2024-02-14 00:00:00+00:00
26,"отреагировали, митинги, протестов, устроил, ожидается",4,2024-02-14 00:00:00+00:00
29,"родился, русского, русский, русских, русские",13,2024-02-14 00:00:00+00:00
30,"обвинения, властей, против, происходит, серьезно",1,2024-02-14 00:00:00+00:00
-1,"выборы, выборах, выборов, россию, террористов",2289,2024-03-15 00:00:00+00:00
0,"россию, террористов, украину, россией, российские",1500,2024-03-15 00:00:00+00:00
1,"оппозиции, выборах, властей, выборы, выборов",12,2024-03-15 00:00:00+00:00
2,"грузии, протесты, протестов, оппозиции, протеста",2,2024-03-15 00:00:00+00:00
4,"выборы, демократии, левых, выборов, франции",3,2024-03-15 00:00:00+00:00
5,"доверия, лидеров, выборов, президентских, партии",7,2024-03-15 00:00:00+00:00
7,"выборах, выборов, выборы, кандидаты, турции",4,2024-03-15 00:00:00+00:00
8,"военнослужащих, военнослужащие, военным, войска, войск",9,2024-03-15 00:00:00+00:00
10,"уважаемые, пишут, командиров, верховному, обороны",4,2024-03-15 00:00:00+00:00
15,"российского лидера, бразилии, главы государства, властям, планируется",5,2024-03-15 00:00:00+00:00
17,"разведки, совбеза, секретарь, должность, стратегических",1,2024-03-15 00:00:00+00:00
21,"посол, назначен, посла, кремля, отставке",2,2024-03-15 00:00:00+00:00
22,"задержали, задержан, задержания, задержаны, силовики",7,2024-03-15 00:00:00+00:00
24,"крым, крыму, крыма, россию, состоялся",24,2024-03-15 00:00:00+00:00
26,"властей, покушение, человек, задержания, политический",3,2024-03-15 00:00:00+00:00
29,"родился, 24, русских, день, русский",2,2024-03-15 00:00:00+00:00
-1,"россию, фронте, обороны, военных, россией",1634,2024-04-14 00:00:00+00:00
0,"говорит, россию, военных, российские, украину",928,2024-04-14 00:00:00+00:00
1,"властей, укреплению, войска, власть, войск",18,2024-04-14 00:00:00+00:00
2,"грузии, протесты, протестующих, беспорядки, протеста",10,2024-04-14 00:00:00+00:00
3,"телефонный разговор, разговор, состоялся, последнее время, южной",1,2024-04-14 00:00:00+00:00
4,"выборах, выборы, президентских выборах, президентских, политиков",2,2024-04-14 00:00:00+00:00
5,"доверия, россияне, лидеров, мнение, властям",8,2024-04-14 00:00:00+00:00
8,"вооруженных сил, вооруженные силы, обороны, войска, военного",15,2024-04-14 00:00:00+00:00
9,"безопасности россии, секретарем, секретаря, должность, назначен",15,2024-04-14 00:00:00+00:00
10,"верховному, верховным, верховного, готовы, майора",4,2024-04-14 00:00:00+00:00
17,"министром обороны, министра обороны, министр обороны, министра внутренних, министра иностранных",77,2024-04-14 00:00:00+00:00
19,"завершилось, завершился, переговорах, переговоров, переговоры",2,2024-04-14 00:00:00+00:00
20,"интервью, говорит, россию, мысли, объяснил",37,2024-04-14 00:00:00+00:00
21,"кремля, подписал указ, отставке, кремль, указом",6,2024-04-14 00:00:00+00:00
22,"задержан, задержали, антироссийские, ареста, соцсетях",3,2024-04-14 00:00:00+00:00
23,"поздравил, победы, россией, израиль, израиля",4,2024-04-14 00:00:00+00:00
24,"крыму, крым, крыма, россией, мнение",2,2024-04-14 00:00:00+00:00
25,"гражданство, ветераны, ветеранов, ситуацию, русских",5,2024-04-14 00:00:00+00:00
26,"протеста, протесты, протесты против, толпа, беспорядки",3,2024-04-14 00:00:00+00:00
30,"израиль, израиля, властей, двух стран, прекратить",2,2024-04-14 00:00:00+00:00
-1,"обороны, войска, россию, переговоры, переговоров",2138,2024-05-14 00:00:00+00:00
0,"украину, военных, обороны, военной, оружие",1459,2024-05-14 00:00:00+00:00
1,"вооруженные, вооруженных, оппозиции, идет, правительство",10,2024-05-14 00:00:00+00:00
2,"грузии, парламенте, закон, закона, извне",58,2024-05-14 00:00:00+00:00
3,"начались, обстановка, приходится, нужно, эскалации",3,2024-05-14 00:00:00+00:00
4,"выборы, выборах, выборов, свои позиции, партии",16,2024-05-14 00:00:00+00:00
5,"доверия, выборах, лидера, политические, политического",3,2024-05-14 00:00:00+00:00
7,"мобилизации, готовится, объявить, турции, полномочия",4,2024-05-14 00:00:00+00:00
8,"советского, ссср, днем, отмечается, установлен",2,2024-05-14 00:00:00+00:00
9,"министра обороны, обороны, заместителя, назначен, замминистра",73,2024-05-14 00:00:00+00:00
10,"военных, верховному, майора, комментируя, верховным",2,2024-05-14 00:00:00+00:00
11,"погибли, иран, погибших, инцидент, погиб",178,2024-05-14 00:00:00+00:00
15,"бразилии, переговорах, делегации, переговоров, конфликта украине",3,2024-05-14 00:00:00+00:00
17,"министром обороны, министра обороны, министр обороны, обороны, военнослужащих",46,2024-05-14 00:00:00+00:00
19,"завершилось, завершился, покинули, переговорах, переговоров",1,2024-05-14 00:00:00+00:00
21,"отставке, указом, подписал указ, кремля, указ",11,2024-05-14 00:00:00+00:00
22,"задержан, задержали, уголовное, силовики, соцсетях",4,2024-05-14 00:00:00+00:00
26,"протесты, властей, глава государства, посол, посла",3,2024-05-14 00:00:00+00:00
28,"учения, ядерного оружия, подготовки, проводят, ядерного",1,2024-05-14 00:00:00+00:00
29,"родился, день, 26, мая, основатель",2,2024-05-14 00:00:00+00:00
30,"властей, передали, американских, голову, чиновников",2,2024-05-14 00:00:00+00:00
-1,"украину, конфликта, украинских, переговоров, россию",2115,2024-06-13 00:00:00+00:00
0,"переговоры, переговоров, россию, обороны, интересное",1602,2024-06-13 00:00:00+00:00
1,"протесты, протестов, протестующих, беспорядки, протестующие",15,2024-06-13 00:00:00+00:00
2,"грузии, власть, протесты, происходит, протестов",7,2024-06-13 00:00:00+00:00
3,"вооружений, ядерного оружия, речь идет, украину, военные",8,2024-06-13 00:00:00+00:00
4,"выборы, выборов, выборах, левых, парламенте",66,2024-06-13 00:00:00+00:00
7,"турции, туре, тур, конституцию, оппозиции",2,2024-06-13 00:00:00+00:00
8,"служба, службы, войска, военного, вооруженных сил",1,2024-06-13 00:00:00+00:00
9,"министра обороны, обороны, заместителя, должности, замминистра",30,2024-06-13 00:00:00+00:00
10,"военнослужащих, конфликта украине, майора, верховного, украиной",9,2024-06-13 00:00:00+00:00
13,"санкций, список, санкции, санкции против, российских",3,2024-06-13 00:00:00+00:00
17,"министра обороны, министром обороны, министр обороны, министров, минобороны",1,2024-06-13 00:00:00+00:00
19,"завершился, переговорах, переговоров, кремле, переговоры",8,2024-06-13 00:00:00+00:00
20,"разговор, интервью, говорит, будущем, сказал",1,2024-06-13 00:00:00+00:00
21,"кремля, отставке, назначил, подписал указ, назначен",3,2024-06-13 00:00:00+00:00
22,"задержан, задержали, задержания, ареста, адекватные новости",6,2024-06-13 00:00:00+00:00
24,"россию, крыму, крым, россией, проголосовали",1,2024-06-13 00:00:00+00:00
25,"гражданство, россию, российское, гражданами, получил",12,2024-06-13 00:00:00+00:00
26,"беспорядков, протесты, протестующих, реформы, произойдет",3,2024-06-13 00:00:00+00:00
29,"родился, июля, день, наук, состоялась",1,2024-06-13 00:00:00+00:00
-1,"конфликта, украину, переговоры, переговоров, россию",1260,2024-07-13 00:00:00+00:00
0,"переговоры, президентской, переговоров, президенты, выборах",1064,2024-07-13 00:00:00+00:00
1,"выборы, оппозиции, протестующие, выборов, боевиков",47,2024-07-13 00:00:00+00:00
2,"грузии, конфликта, конфликту, вооруженные, республику",5,2024-07-13 00:00:00+00:00
3,"ядерного оружия, речь идет, ядерной, южной, провокации",7,2024-07-13 00:00:00+00:00
4,"выборах, выборы, власть, выборами, выборов",5,2024-07-13 00:00:00+00:00
5,"доверие, доверия, большинство, мнение, оценка",2,2024-07-13 00:00:00+00:00
7,"туре, сын, тур, поздравил, получил",1,2024-07-13 00:00:00+00:00
8,"вооруженных сил, войска, войск, военных, военный",3,2024-07-13 00:00:00+00:00
9,"назначен, назначил, заместителя, назначены, совбеза",4,2024-07-13 00:00:00+00:00
10,"губернатора, курской области, военных, майора, верховному",2,2024-07-13 00:00:00+00:00
12,"абхазии, россией, дронов, российское, флота",1,2024-07-13 00:00:00+00:00
13,"санкции против, санкции, санкций, запрете, запрет",1,2024-07-13 00:00:00+00:00
17,"экономику, кремле, назначен, экономического, должность",1,2024-07-13 00:00:00+00:00
21,"отставке, кремля, мид россии, подписывайся telegram, подписывайся",2,2024-07-13 00:00:00+00:00
22,"силовиков, силовики, адекватные новости, гражданина, грозит",1,2024-07-13 00:00:00+00:00
25,"обратился, российских, гражданство, просит, российское",1,2024-07-13 00:00:00+00:00
26,"выборах, президенты, выборов, властей, президентских",1,2024-07-13 00:00:00+00:00
28,"флота, российского лидера, учения, флот, угрозу",4,2024-07-13 00:00:00+00:00
29,"родился, день, основатель, состоялась, июля",2,2024-07-13 00:00:00+00:00
30,"властей, обороны, столицу, министр обороны, правительство",2,2024-07-13 00:00:00+00:00
-1,"украиной, украину, военных, украины, армии",1314,2024-08-12 00:00:00+00:00
0,"конфликта, военные, украиной, украинских, украину",1054,2024-08-12 00:00:00+00:00
1,"властей, властям, протесты, оппозиции, протестов",14,2024-08-12 00:00:00+00:00
2,"грузии, осетии, оппозиции, правящей партии, обвинили",4,2024-08-12 00:00:00+00:00
3,"отреагировали, ядерного оружия, речь идет, ядерного, ядерной",2,2024-08-12 00:00:00+00:00
4,"отставки, протестов, протестующие, премьер министром, отставке",7,2024-08-12 00:00:00+00:00
5,"доверия, доверие, неделю, оценка, примерно",4,2024-08-12 00:00:00+00:00
8,"вооруженных сил, отмечается, армии, обороны, день",9,2024-08-12 00:00:00+00:00
9,"курской области, командованием, властями, командир, войск",31,2024-08-12 00:00:00+00:00
10,"военных, армии, армия, верховному, фронта",2,2024-08-12 00:00:00+00:00
11,"инцидент, иран, катастрофы, причины, результате",5,2024-08-12 00:00:00+00:00
12,"абхазии, россией, речь идет, российские, антироссийских",2,2024-08-12 00:00:00+00:00
13,"санкции против, санкции, санкций, американские, американских",3,2024-08-12 00:00:00+00:00
15,"бразилии, властей, обвинил, обвинив, ситуацию",1,2024-08-12 00:00:00+00:00
19,"завершился, переговорах, переговоры, переговоров, покинули",4,2024-08-12 00:00:00+00:00
21,"посла, посол, кремля, назначен, назначил",3,2024-08-12 00:00:00+00:00
22,"задержали, задержан, ареста, силовики, соцсетях",2,2024-08-12 00:00:00+00:00
24,"проголосовали, крыму, избирателей, выборы, крым",1,2024-08-12 00:00:00+00:00
26,"говоря, властей, оказывается, беспилотников, контролировать",1,2024-08-12 00:00:00+00:00
28,"украиной, киевского режима, военными, оружием, россию",8,2024-08-12 00:00:00+00:00
29,"родился, день, основатель, сентября, сергей",2,2024-08-12 00:00:00+00:00
-1,"украину, украины, украина, нужно, говорит",1401,2024-09-11 00:00:00+00:00
0,"ядерного оружия, россию, россией, обороны, ядерного",1224,2024-09-11 00:00:00+00:00
1,"властей, боевиков, военные, переворота, обстановка",15,2024-09-11 00:00:00+00:00
2,"грузии, происходит, суверенитета, закона, закон",20,2024-09-11 00:00:00+00:00
3,"состоятся, речь идет, вооруженных, ядерного оружия, рассматривают",5,2024-09-11 00:00:00+00:00
4,"обвиняют, франции, отставку, политиков, левых",5,2024-09-11 00:00:00+00:00
5,"доверие, доверия, большинство, оценка, мнение",1,2024-09-11 00:00:00+00:00
8,"вооруженных сил, вооруженных, отмечают, армии, вооруженными",5,2024-09-11 00:00:00+00:00
9,"безопасности россии, совета безопасности, назначены, назначен, совбеза",1,2024-09-11 00:00:00+00:00
10,"верховному, верховным, верховного, должны, военных",2,2024-09-11 00:00:00+00:00
12,"абхазии, республику, президенты, республике, сообщает",3,2024-09-11 00:00:00+00:00
13,"санкций, санкциями, санкции, санкции против, британские",1,2024-09-11 00:00:00+00:00
14,"осетии, обсудить, поддержку, здравоохранения, встреча",1,2024-09-11 00:00:00+00:00
15,"переговоры, переговорах, переговоров, разговор, телефонный разговор",2,2024-09-11 00:00:00+00:00
17,"министром обороны, министра обороны, министр обороны, министерство обороны, обороны",1,2024-09-11 00:00:00+00:00
19,"завершилось, завершился, лукашенко, переговорах, дмитрий песков",1,2024-09-11 00:00:00+00:00
21,"отставке, кремля, указом, указ, подписал указ",10,2024-09-11 00:00:00+00:00
22,"задержали, задержан, ареста, грозит, ненависти",2,2024-09-11 00:00:00+00:00
23,"телефонный разговор, переговоры, телефону, разговор, разговора",5,2024-09-11 00:00:00+00:00
26,"протестующих, протесты, властей, толпа, людей",1,2024-09-11 00:00:00+00:00
28,"проводят, границе, военные, начали, учения",8,2024-09-11 00:00:00+00:00
29,"родился, день, основатель, наук, автор",4,2024-09-11 00:00:00+00:00
30,"расследование, властей, президентский, президентских, серьезно",1,2024-09-11 00:00:00+00:00
-1,"говорит, украину, россию, переговоры, переговоров",1694,2024-10-11 00:00:00+00:00
0,"саммите, россию, россией, переговоры, сказал",1535,2024-10-11 00:00:00+00:00
1,"протесты, протестующих, оппозиции, оппозиция, сомнений",2,2024-10-11 00:00:00+00:00
2,"грузии, выборы, выборах, выборов, протесты",50,2024-10-11 00:00:00+00:00
3,"угрозу, совещание, опасения, россию, внешней политики",18,2024-10-11 00:00:00+00:00
4,"франции, недовольны, спустя, лидера, президентские",2,2024-10-11 00:00:00+00:00
5,"доверие, доверия, большинство, мнение, оценка",5,2024-10-11 00:00:00+00:00
7,"поздравил, президенты, президентский, президентские, президентских",1,2024-10-11 00:00:00+00:00
8,"вооруженных сил, войска, военного, армии, войск",4,2024-10-11 00:00:00+00:00
10,"верховному, майора, верховного, грозит, сказал",18,2024-10-11 00:00:00+00:00
15,"призвали, призвал, призывает, санкций, кремль",4,2024-10-11 00:00:00+00:00
19,"завершился, минут, переговорах, покинули, часа",4,2024-10-11 00:00:00+00:00
21,"посол, назначен, посла, российской федерации, кремля",2,2024-10-11 00:00:00+00:00
22,"задержали, задержан, ареста, силовики, военнослужащих",5,2024-10-11 00:00:00+00:00
25,"гражданство, российского, российское, гражданина, российский",9,2024-10-11 00:00:00+00:00
28,"хотят, союзниками, планируют, хочет, союзники",6,2024-10-11 00:00:00+00:00
29,"родился, день, основатель, октября, герой",3,2024-10-11 00:00:00+00:00
-1,"ракетами, россию, ракеты, конфликта, обороны",1811,2024-11-10 00:00:00+00:00
0,"ракетами, ракеты, россию, россией, обороны",1879,2024-11-10 00:00:00+00:00
1,"вооруженных, властями, властей, делают, обстановка",11,2024-11-10 00:00:00+00:00
2,"грузии, протесты, протестов, протестующих, протеста",66,2024-11-10 00:00:00+00:00
3,"отставку, переворот, отставки, оппозиции, протесты",182,2024-11-10 00:00:00+00:00
4,"отставку, отставки, отставке, оппозиционных, протесты",7,2024-11-10 00:00:00+00:00
5,"россиян, доверие, доверия, большинство, граждан",1,2024-11-10 00:00:00+00:00
8,"вооруженных сил, военнослужащие, военнослужащих, армии, войска",13,2024-11-10 00:00:00+00:00
10,"майора, военных, верховному, верховным, верховного",4,2024-11-10 00:00:00+00:00
12,"абхазии, республику, отставку, оппозиции, республике",15,2024-11-10 00:00:00+00:00
13,"санкции, санкции против, санкциями, санкций, банк",1,2024-11-10 00:00:00+00:00
22,"задержали, задержан, обвинению, украинские, уголовное",4,2024-11-10 00:00:00+00:00
25,"гражданство, россии подписаться, журналист, журналистов, российское",6,2024-11-10 00:00:00+00:00
26,"выбрали, счастье, победил, сами, президентских",1,2024-11-10 00:00:00+00:00
27,"оппозиции, абхазии, оппозицией, оппозиция, протестующие",103,2024-11-10 00:00:00+00:00
28,"спецслужбы, свои позиции, спецслужб, говоря, связь",5,2024-11-10 00:00:00+00:00
-1,"украину, переговоров, переговоры, конфликта, военные",1846,2024-12-10 00:00:00+00:00
0,"россию, российские, россией, российских, украину",1315,2024-12-10 00:00:00+00:00
1,"протесты, переворот, протестов, произошло, переворота",12,2024-12-10 00:00:00+00:00
2,"грузии, власть, правящей, властям, выборы",79,2024-12-10 00:00:00+00:00
3,"отставку, переворота, оппозиции, ареста, оппозиция",66,2024-12-10 00:00:00+00:00
4,"выборах, франции, политическое, выборы, европу",8,2024-12-10 00:00:00+00:00
5,"лидеров, россиян, доверие, доверия, большинство",2,2024-12-10 00:00:00+00:00
8,"вооруженных сил, вооруженных, отмечают, войска, днем",17,2024-12-10 00:00:00+00:00
9,"назначен, возглавил, совета безопасности, назначил, безопасности россии",9,2024-12-10 00:00:00+00:00
10,"военных, военным, майора, армия, верховному",20,2024-12-10 00:00:00+00:00
12,"абхазии, республику, россией, оппозиции, республике",15,2024-12-10 00:00:00+00:00
13,"санкции, санкции против, санкций, список, списке",1,2024-12-10 00:00:00+00:00
16,"пострадавших, поручил, нужно, работают, российский лидер",8,2024-12-10 00:00:00+00:00
17,"министром обороны, армии, министра обороны, самое главное, обороны",1,2024-12-10 00:00:00+00:00
18,"самолета, самолет, инцидент, обсудили, произошел",47,2024-12-10 00:00:00+00:00
19,"завершилось, завершился, покинули, кремле, переговорах",1,2024-12-10 00:00:00+00:00
20,"уважения, символом, рядом, человека, людей",2,2024-12-10 00:00:00+00:00
21,"кремля, отставке, российской федерации, совбеза, указом",1,2024-12-10 00:00:00+00:00
25,"гражданство, российского, российское, российский, русский",1,2024-12-10 00:00:00+00:00
26,"гражданство, властей, политик, родом, страну",1,2024-12-10 00:00:00+00:00
28,"следует, дроны, говорят, кораблей, угроз",1,2024-12-10 00:00:00+00:00
29,"родился, декабря, 19, день, деятель",1,2024-12-10 00:00:00+00:00
-1,"россию, украину, конфликта, санкции, россией",1498,2025-01-09 00:00:00+00:00
0,"переговоров, переговоры, войска, украину, военных",1047,2025-01-09 00:00:00+00:00
1,"вооруженных, произошло, протесты, протестующие, боевиков",19,2025-01-09 00:00:00+00:00
2,"грузии, властям, выборах, президентский, оппозиции",8,2025-01-09 00:00:00+00:00
3,"ареста, арест, задержания, задержали, переворота",29,2025-01-09 00:00:00+00:00
4,"речь идет, конституционный, конституционного, выборах, выборы",1,2025-01-09 00:00:00+00:00
5,"доверие, доверия, большинство, оценка, плохо",2,2025-01-09 00:00:00+00:00
8,"российской армии, армии, войска, вооруженных сил, военнослужащие",1,2025-01-09 00:00:00+00:00
12,"абхазии, выборах, выборы, выборов, кандидаты",45,2025-01-09 00:00:00+00:00
13,"санкции против, санкции, санкций, список, нефти",1,2025-01-09 00:00:00+00:00
15,"телефонный разговор, переговоров, переговорах, президенты, кремле",3,2025-01-09 00:00:00+00:00
16,"совещание, катастрофы, вице премьер, глава государства, правительство",10,2025-01-09 00:00:00+00:00
18,"погибших, погибли, военными, военнослужащих, военный осведомитель",1,2025-01-09 00:00:00+00:00
21,"отставке, губернатора, кремля, кремле, указом",1,2025-01-09 00:00:00+00:00
22,"задержан, задержали, уголовное, силовики, уголовного",6,2025-01-09 00:00:00+00:00
24,"крыму, крым, крыма, конституцию, республику",2,2025-01-09 00:00:00+00:00
25,"гражданство, российское, россию, гражданин, гражданина",4,2025-01-09 00:00:00+00:00
28,"угрозы, угроз, россию, альянса, флот",5,2025-01-09 00:00:00+00:00
29,"родился, день, февраля, основатель, герой",1,2025-01-09 00:00:00+00:00
30,"санкции против, санкций, санкции, властей, запретил",15,2025-01-09 00:00:00+00:00
-1,"переговорах, украину, говорит, переговоры, переговоров",2740,2025-02-08 00:00:00+00:00
0,"переговоры, переговоров, украину, украинских, разговор",1167,2025-02-08 00:00:00+00:00
1,"боевиков, конфликт, ситуацией, военнослужащие, войска",7,2025-02-08 00:00:00+00:00
3,"отреагировали, южной, переговоры, властью, это произошло",6,2025-02-08 00:00:00+00:00
4,"оппозиции, парламенте, франции, выборах, выборы",2,2025-02-08 00:00:00+00:00
10,"обсудить, верховному, диалог, важно, нужно",2,2025-02-08 00:00:00+00:00
11,"катастрофы, инцидент, погибли, пострадали, погиб",1,2025-02-08 00:00:00+00:00
12,"абхазии, выборах, выборы, выборов, президентские",66,2025-02-08 00:00:00+00:00
13,"санкции против, санкции, санкций, политиков, российские",3,2025-02-08 00:00:00+00:00
15,"бразилии, переговорах, конфликта украине, отказалась, оружие",2,2025-02-08 00:00:00+00:00
22,"задержали, задержан, украинскую, украиной, соцсетях",2,2025-02-08 00:00:00+00:00
24,"крыму, крым, крыма, украинских, лет назад",2,2025-02-08 00:00:00+00:00
25,"российским, российское, российского, русским, гражданство",1,2025-02-08 00:00:00+00:00
26,"властей, причем, политиков, снова, очередной",1,2025-02-08 00:00:00+00:00
27,"абхазии, запретил, отставке, отставку, ветеранов",1,2025-02-08 00:00:00+00:00
28,"провокаций, провокации, антироссийских, угроз, готовятся",1,2025-02-08 00:00:00+00:00
29,"родился, день, основатель, февраля, русский",6,2025-02-08 00:00:00+00:00
-1,"переговоры, переговоров, украину, конфликта, разговора",2371,2025-03-10 00:00:00+00:00
0,"переговоры, переговоров, переговорах, украину, урегулирования",1414,2025-03-10 00:00:00+00:00
1,"вооруженных, вооруженные, вооруженные силы, боевиков, властями",7,2025-03-10 00:00:00+00:00
2,"следствием, обвинения, президентский, итог, грузии",3,2025-03-10 00:00:00+00:00
3,"речь идет, конституционный, официально, сообщается, последнее время",7,2025-03-10 00:00:00+00:00
4,"партию, выборах, выборы, политическое, партия",22,2025-03-10 00:00:00+00:00
5,"лидера, большинство, мнение, уверены, выборы",3,2025-03-10 00:00:00+00:00
6,"сценарий, мирного, премьера, начинается, готовы",1,2025-03-10 00:00:00+00:00
7,"оппозиции, протестов, задержания, протесты, турции",19,2025-03-10 00:00:00+00:00
8,"военнослужащих, военнослужащие, военным, вооруженных сил, ветераны",14,2025-03-10 00:00:00+00:00
9,"заместителя, подписывайся соловьёва, назначен, помощника, назначил",2,2025-03-10 00:00:00+00:00
10,"военных, верховным, верховного, верховному, армия",1,2025-03-10 00:00:00+00:00
15,"встречу, состоится, бразилии, переговорах, визитом",4,2025-03-10 00:00:00+00:00
17,"министра обороны, министром обороны, министр обороны, обороны, оборонного",1,2025-03-10 00:00:00+00:00
22,"задержали, россияне, ареста, задержан, русских",2,2025-03-10 00:00:00+00:00
24,"крыму, крым, крыма, россию, россией",12,2025-03-10 00:00:00+00:00
26,"протестующих, протестующие, недовольны, протеста, протесты",3,2025-03-10 00:00:00+00:00
28,"угрозы, угроз, против россии, национальные интересы, провокации",4,2025-03-10 00:00:00+00:00
29,"родился, день, марта, 24, русские",2,2025-03-10 00:00:00+00:00
30,"задержан, санкции против, санкции, властей, чиновников",1,2025-03-10 00:00:00+00:00
-1,"переговоры, переговоров, россию, украину, россией",1835,2025-04-09 00:00:00+00:00
0,"дронов, военные, россию, войска, военных",1188,2025-04-09 00:00:00+00:00
1,"выборах, проведут, победил, президентских, вооруженных",2,2025-04-09 00:00:00+00:00
2,"обвинил, конфликта, грузии, осетии, беспорядки",1,2025-04-09 00:00:00+00:00
3,"передали, американцы, южной, поддержать, республику",1,2025-04-09 00:00:00+00:00
4,"долг, франции, реформы, выборах, обещал",1,2025-04-09 00:00:00+00:00
5,"доверие, доверия, большинство, мнение, оценка",1,2025-04-09 00:00:00+00:00
6,"мирным, прекращении, кремле, кремль, прекращение",179,2025-04-09 00:00:00+00:00
8,"обороны, вооруженных сил, великой отечественной, армии, вооруженных",5,2025-04-09 00:00:00+00:00
11,"погибли, погибших, погиб, гибели, катастрофы",1,2025-04-09 00:00:00+00:00
12,"абхазии, задержали, властей, речь идет, политическое",4,2025-04-09 00:00:00+00:00
13,"санкции, санкции против, readovka, санкций, журналистов",1,2025-04-09 00:00:00+00:00
15,"российского лидера, бразилии, переговорах, встречу, отношения",5,2025-04-09 00:00:00+00:00
19,"завершился, переговорах, переговоров, переговоры, часа",8,2025-04-09 00:00:00+00:00
20,"европу, лидеров, политиков, отстаивать, говорит",1,2025-04-09 00:00:00+00:00
21,"подписаться канал, подписывайся, кремля, назначен, назначил",2,2025-04-09 00:00:00+00:00
22,"задержали, задержан, ареста, соцсетях, силовики",2,2025-04-09 00:00:00+00:00
23,"переговоры, израиль, израиля, разговор, телефонный разговор",5,2025-04-09 00:00:00+00:00
24,"крыму, крым, россией, крыма, российским",2,2025-04-09 00:00:00+00:00
28,"учения, готовятся, угрозы, военные, угрозу",9,2025-04-09 00:00:00+00:00
-1,"переговорах, переговоры, санкций, переговоров, разговор",2502,2025-05-09 00:00:00+00:00
0,"переговорах, переговоры, переговоров, украину, украиной",1771,2025-05-09 00:00:00+00:00
1,"силовиков, работают, существует, удалось, держат",3,2025-05-09 00:00:00+00:00
2,"грузии, россию, российского, русскими, россией",1,2025-05-09 00:00:00+00:00
3,"южной, угрожает, предстоит, президентские, политический",4,2025-05-09 00:00:00+00:00
4,"отставку, лидера, франции, кремль, причем",2,2025-05-09 00:00:00+00:00
5,"российского лидера, польши, россиян, президенты, лидера",1,2025-05-09 00:00:00+00:00
6,"завершилось, закончилось, прекращения, официально, кремле",13,2025-05-09 00:00:00+00:00
7,"турции, туре, оппозиции, конфликта, победы",2,2025-05-09 00:00:00+00:00
8,"авиации, вооруженных сил, военного, военных, военно",1,2025-05-09 00:00:00+00:00
9,"назначен, главнокомандующего, указом, указ, совбеза",9,2025-05-09 00:00:00+00:00
10,"майора, верховному, верховным, верховного, бойцов",10,2025-05-09 00:00:00+00:00
12,"абхазии, рассказывает, родина, республике, серьезных",5,2025-05-09 00:00:00+00:00
15,"переговорах, переговоры, переговоров, бразилии, разговор",29,2025-05-09 00:00:00+00:00
16,"крым, крыму, крыма, работает, день",1,2025-05-09 00:00:00+00:00
19,"завершился, покинули, покинул, кремля, кремле",2,2025-05-09 00:00:00+00:00
24,"крыму, крым, крыма, объяснил, власть",2,2025-05-09 00:00:00+00:00
26,"журналист, попытался, лицо, президентских, властей",1,2025-05-09 00:00:00+00:00
28,"свои позиции, флота, флот, угрозы, провокации",7,2025-05-09 00:00:00+00:00
29,"родился, день, 26, мая, основатель",2,2025-05-09 00:00:00+00:00
-1,"переговоров, переговоры, украину, разговор, россию",1620,2025-06-08 00:00:00+00:00
0,"вооружений, израиль, конфликта, израиля, военных",1175,2025-06-08 00:00:00+00:00
1,"властей, боевиков, переговоры, беспорядки, протесты",7,2025-06-08 00:00:00+00:00
2,"грузии, санкции, силовиков, изменений, срок",1,2025-06-08 00:00:00+00:00
3,"учения, сотрудничество, сотрудничества, сотрудничеству, союзниками",2,2025-06-08 00:00:00+00:00
4,"белый дом, политика, вернуть, американских, президентских",1,2025-06-08 00:00:00+00:00
8,"ссср, советского, информацию, пропаганды, секретарь",1,2025-06-08 00:00:00+00:00
12,"туристов, чиновников, абхазии, республику, заявила",3,2025-06-08 00:00:00+00:00
15,"президенты, главы государства, бразилии, думать, обсудить",3,2025-06-08 00:00:00+00:00
17,"министром, решение принято, заместителя, министра, назначения",1,2025-06-08 00:00:00+00:00
18,"обсудили, задержания, разговор, азербайджана, напомнил",1,2025-06-08 00:00:00+00:00
19,"завершился, завершилось, заседание, кремле, кремля",1,2025-06-08 00:00:00+00:00
20,"крыму, чиновников, подумать, потребовали, въезд",1,2025-06-08 00:00:00+00:00
21,"отставке, кремля, адекватные новости, подписывайся, подписал указ",3,2025-06-08 00:00:00+00:00
22,"кремля, кремле, задержали, задержан, терроризма",6,2025-06-08 00:00:00+00:00
23,"переговоры, телефонный разговор, разговор, разговора, обсудить",12,2025-06-08 00:00:00+00:00
24,"россиян, россией, крыму, регионы, состав россии",1,2025-06-08 00:00:00+00:00
29,"родился, июля, день, наук, состоялась",1,2025-06-08 00:00:00+00:00
30,"насилия, чиновников, покушение, серьезно, демократии",2,2025-06-08 00:00:00+00:00
-1,"санкций, россию, украину, пишет, санкции",1593,2025-07-08 00:00:00+00:00
0,"россию, конфликта, войска, украиной, украинских",845,2025-07-08 00:00:00+00:00
1,"властей, боевиков, вооружённых, выборами, власть",4,2025-07-08 00:00:00+00:00
3,"провокации, ядерной, военными, военные, спровоцировать",3,2025-07-08 00:00:00+00:00
4,"дворца, бюджет, дворец, кризиса, париже",1,2025-07-08 00:00:00+00:00
5,"россияне, россиян, доверия, большинства, мнение",4,2025-07-08 00:00:00+00:00
8,"вооруженных сил, военных, войск, ветераны, войска",3,2025-07-08 00:00:00+00:00
15,"бразилии, главы государства, обвиняют, государствами, риторика",6,2025-07-08 00:00:00+00:00
18,"самолета, самолет, азербайджана, россией, близким",3,2025-07-08 00:00:00+00:00
19,"завершился, кремле, кремля, кремль, переговорах",12,2025-07-08 00:00:00+00:00
21,"отставки, отставке, кремля, назначен, назначил",5,2025-07-08 00:00:00+00:00
22,"ареста, задержан, задержали, крыму, крым",2,2025-07-08 00:00:00+00:00
23,"российский лидер, переговоры, премьер министра, телефонный разговор, премьер министр",3,2025-07-08 00:00:00+00:00
25,"гражданство, поблагодарил, получил, россию, российского",10,2025-07-08 00:00:00+00:00
28,"угрозу, флота, провокации, угроз, флот",16,2025-07-08 00:00:00+00:00
29,"родился, 18, день, состоялась, герой",1,2025-07-08 00:00:00+00:00
30,"левых, украину, партии, партий, властей",2,2025-07-08 00:00:00+00:00
-1,"переговорах, переговоры, переговоров, украину, украиной",3677,2025-08-07 00:00:00+00:00
0,"дронов, идут, фронта, переговорах, конфликта",1964,2025-08-07 00:00:00+00:00
1,"боевиков, заявляют, военные, войска, белого дома",17,2025-08-07 00:00:00+00:00
2,"осетии, грузии, война, случилось, войны",3,2025-08-07 00:00:00+00:00
3,"отношениях, диалог, диалога, вмешательства, стратегических",1,2025-08-07 00:00:00+00:00
4,"кризиса, грозит, недовольство, угрозой, протесты",3,2025-08-07 00:00:00+00:00
5,"россияне, россиян, кремля, доверие, доверия",3,2025-08-07 00:00:00+00:00
8,"военнослужащие, военнослужащим, отмечали, отмечают, ветераны",5,2025-08-07 00:00:00+00:00
9,"министра иностранных, заместителя, иностранных дел, назначен, замминистра",1,2025-08-07 00:00:00+00:00
10,"военным, командиров, обеих сторон, верховному, майора",5,2025-08-07 00:00:00+00:00
15,"российский лидер, переговоры, переговоров, телефонный разговор, разговор",12,2025-08-07 00:00:00+00:00
17,"экономику, правительстве, экономике, экономического, экономической",1,2025-08-07 00:00:00+00:00
18,"обвинил, агрессии, нападения, азербайджана, самолета",1,2025-08-07 00:00:00+00:00
19,"завершился, переговорах, переговоров, переговоры, кремле",11,2025-08-07 00:00:00+00:00
20,"уважение, наша страна, правду, правды, известной",2,2025-08-07 00:00:00+00:00
21,"telegram соловьёв, соловьёв telegram, telegram, max соловьёв, кремля",1,2025-08-07 00:00:00+00:00
22,"задержали, задержан, уголовное, ареста, уголовного",2,2025-08-07 00:00:00+00:00
25,"гражданство, рассказывает, россию, историю, днр",6,2025-08-07 00:00:00+00:00
26,"беспорядки, властями, инцидент, протестующие, произошел",4,2025-08-07 00:00:00+00:00
28,"готовности, границы, военные, военное, строительство",1,2025-08-07 00:00:00+00:00
29,"родился, день, основатель, состоялась, истории",2,2025-08-07 00:00:00+00:00
30,"властей, военнослужащие, принимают, военнослужащих, страной",4,2025-08-07 00:00:00+00:00
-1,"говорит, россию, украину, россией, конфликта",1643,2025-09-06 00:00:00+00:00
0,"войска, дронов, обороны, конфликта, войск",925,2025-09-06 00:00:00+00:00
1,"вооруженными, властей, американцы, военные, американских",9,2025-09-06 00:00:00+00:00
2,"протестов, протесты, протеста, протестующих, протестующие",12,2025-09-06 00:00:00+00:00
3,"президентского, произошло, задержан, нью йорке, кортеж",2,2025-09-06 00:00:00+00:00
4,"политического кризиса, протесты, протестов, отставку, протеста",5,2025-09-06 00:00:00+00:00
7,"турции, протестов, протестующих, туре, оппозиции",2,2025-09-06 00:00:00+00:00
8,"отмечают, вооруженных, военнослужащие, праздник, обороны",7,2025-09-06 00:00:00+00:00
10,"майора, верховному, военных, верховным, верховного",3,2025-09-06 00:00:00+00:00
12,"абхазии, рассказывает, истории, писал, историю",1,2025-09-06 00:00:00+00:00
14,"осетии, республику, россией, республике, россию",2,2025-09-06 00:00:00+00:00
15,"переговоры, переговоров, конфликта украине, разговор, обсудить",4,2025-09-06 00:00:00+00:00
18,"самолета, самолет, российские, украинских, украину",1,2025-09-06 00:00:00+00:00
19,"завершилось, завершился, кремле, кремль, кремля",1,2025-09-06 00:00:00+00:00
21,"отставке, кремля, указом, подписал указ, назначен",3,2025-09-06 00:00:00+00:00
22,"задержан, задержали, ареста, крым, терроризма",1,2025-09-06 00:00:00+00:00
26,"властей, принял решение, разрешении, состоятся, пройдут",2,2025-09-06 00:00:00+00:00
28,"спецслужб, теракта, комментируя, мнение, провокации",1,2025-09-06 00:00:00+00:00
29,"родился, день, основатель, наук, сентября",4,2025-09-06 00:00:00+00:00
30,"санкций, призвал, санкции, призывал, лукашенко",1,2025-09-06 00:00:00+00:00
-1,"украину, конфликта, россию, ракеты, санкции",2268,2025-10-06 00:00:00+00:00
0,"дронов, ракеты, войска, военных, обороны",1286,2025-10-06 00:00:00+00:00
1,"переворота, действовать, власть, нападения, военные",28,2025-10-06 00:00:00+00:00
2,"протестов, грузии, протесты, переворота, протеста",1,2025-10-06 00:00:00+00:00
3,"южной, построить, помочь, властью, серьезно",2,2025-10-06 00:00:00+00:00
4,"отставку, отставки, отставке, реформы, политиков",13,2025-10-06 00:00:00+00:00
8,"российской армии, сайт ветераныроссии, специальной военной, спецназа, войска",2,2025-10-06 00:00:00+00:00
10,"военных, майора, фронта, противника, армия",2,2025-10-06 00:00:00+00:00
15,"бразилии, санкций, говорят, кремле, конфликта",1,2025-10-06 00:00:00+00:00
18,"российский лидер, самолета, самолет, инцидент, произошло",41,2025-10-06 00:00:00+00:00
19,"завершился, покинули, часа, минут, час",1,2025-10-06 00:00:00+00:00
21,"назначен, посла, кремля, посол, назначил",1,2025-10-06 00:00:00+00:00
22,"задержан, задержали, ареста, адекватные новости, боевиков",1,2025-10-06 00:00:00+00:00
23,"переговоры, обсудили, российский лидер, разговора, разговор",6,2025-10-06 00:00:00+00:00
25,"гражданство, получил, родине, приехал, российского",1,2025-10-06 00:00:00+00:00
28,"угрозы, угрозу, угроз, провокации, министр обороны",1,2025-10-06 00:00:00+00:00
29,"родился, октября, день, основатель, 17",3,2025-10-06 00:00:00+00:00
30,"украину, говорят, заявляют, потребовали, обвинил",11,2025-10-06 00:00:00+00:00
-1,"переговоры, переговоров, украину, украиной, конфликта",1852,2025-11-05 00:00:00+00:00
0,"переговоров, переговоры, кремля, войска, кремле",1228,2025-11-05 00:00:00+00:00
1,"угрозы, ситуация, военных действий, опасения, военные",29,2025-11-05 00:00:00+00:00
3,"обвинению, обвинения, обвинили, переворот, прокуратура",3,2025-11-05 00:00:00+00:00
8,"военнослужащих, армии, вооруженных, войска, великой отечественной",12,2025-11-05 00:00:00+00:00
9,"министра обороны, заместителя, обороны, назначен, замминистра",11,2025-11-05 00:00:00+00:00
10,"визит, церемонии, верховному, встречи, майора",1,2025-11-05 00:00:00+00:00
13,"санкций, санкции, санкции против, ввели, запрет",2,2025-11-05 00:00:00+00:00
19,"завершился, переговорах, переговоров, покинули, переговоры",10,2025-11-05 00:00:00+00:00
20,"кремля, говорят, диалога, пытаются, русских",1,2025-11-05 00:00:00+00:00
23,"переговоры, обсудили, разговора, разговор, телефонный разговор",3,2025-11-05 00:00:00+00:00
25,"гражданство, поблагодарил, гражданина, гражданами, получил",1,2025-11-05 00:00:00+00:00
28,"военные, учения, военное, военно, используют",1,2025-11-05 00:00:00+00:00
29,"родился, день, ноября, наук, основатель",1,2025-11-05 00:00:00+00:00
30,"протестующие, противники, скандируют, оппозиция, выборах",3,2025-11-05 00:00:00+00:00
-1,"украину, переговоры, переговоров, кремля, украинских",2244,2025-12-05 00:00:00+00:00
0,"кремля, конфликта, россию, дронов, украину",1502,2025-12-05 00:00:00+00:00
1,"переворота, военной операции, переворот, произошло, операцию",101,2025-12-05 00:00:00+00:00
3,"спровоцировать, случилось, речь идет, дронов, обвинили",1,2025-12-05 00:00:00+00:00
4,"долг, кадры, адекватные новости, показывают, политиков",2,2025-12-05 00:00:00+00:00
5,"доверие, доверия, мнение, большинство, оценка",1,2025-12-05 00:00:00+00:00
6,"декабря, украина, россией, просит, украины",7,2025-12-05 00:00:00+00:00
8,"праздник, отмечают, разведки, российской федерации, великой отечественной",5,2025-12-05 00:00:00+00:00
9,"замминистра, заместителя, назначен, заместитель, министра",1,2025-12-05 00:00:00+00:00
10,"военнослужащим, майора, армия, верховного, ребята",19,2025-12-05 00:00:00+00:00
11,"турции, погиб, погибли, инцидент, погибших",1,2025-12-05 00:00:00+00:00
19,"переговорах, переговоры, завершился, переговоров, двух стран",1,2025-12-05 00:00:00+00:00
20,"теракта, журналистов, убийства, террористов, спецслужбы",2,2025-12-05 00:00:00+00:00
23,"отношения, отношений, связь, подчеркнули, переговоры",1,2025-12-05 00:00:00+00:00
29,"декабря, родился, декабре, уходящего, герой",2,2025-12-05 00:00:00+00:00
30,"высказался, серьезно, правительство, говорили, контролировать",2,2025-12-05 00:00:00+00:00
-1,"переговоры, переговоров, конфликта, украину, нужно",1354,2026-01-04 00:00:00+00:00
0,"обороны, конфликта, военных, переговоров, главное",857,2026-01-04 00:00:00+00:00
1,"переворота, переворот, власть, захвата, американцы",181,2026-01-04 00:00:00+00:00
3,"переворота, угрозы, приговор, переворот, требуют",6,2026-01-04 00:00:00+00:00
4,"бюджета, парламенте, отставку, оппозиции, политическое",2,2026-01-04 00:00:00+00:00
8,"военной, войска, вооруженных сил, военного, войск",3,2026-01-04 00:00:00+00:00
11,"погибших, иран, протестов, погибли, гибели",1,2026-01-04 00:00:00+00:00
13,"санкции против, санкции, санкций, запрет, ограничения",2,2026-01-04 00:00:00+00:00
14,"осетии, властями, россией, российское, военное",2,2026-01-04 00:00:00+00:00
15,"переговоров, обсудили, бразилии, телефонный разговор, ситуацию",2,2026-01-04 00:00:00+00:00
16,"крыму, планируется, запретили, крым, крыма",1,2026-01-04 00:00:00+00:00
19,"завершился, переговоров, переговорах, переговоры, покинули",7,2026-01-04 00:00:00+00:00
22,"терроризма, telegram, телеграм, сетях, террористической",1,2026-01-04 00:00:00+00:00
23,"премьер, премьером, премьер министр, разговора, разговор",6,2026-01-04 00:00:00+00:00
24,"крыму, крым, крыма, лет назад, независимости",1,2026-01-04 00:00:00+00:00
28,"флота, судна, кораблей, санкциями, угрозы",3,2026-01-04 00:00:00+00:00
29,"родился, день, основатель, герой, первых",1,2026-01-04 00:00:00+00:00
30,"угрозы, насилия, президентов, ситуация, захватить",11,2026-01-04 00:00:00+00:00
-1,"кремля, переговоры, переговоров, украину, россию",1172,2026-02-03 00:00:00+00:00
0,"конфликта, переговоры, переговоров, войска, военных",836,2026-02-03 00:00:00+00:00
1,"властями, происходящее, властей, американцы, войсками",12,2026-02-03 00:00:00+00:00
3,"переворота, переворот, президентов, южной, ядерного оружия",1,2026-02-03 00:00:00+00:00
9,"назначен, кремля, назначил, министра, назначены",1,2026-02-03 00:00:00+00:00
13,"санкции, санкции против, санкций, список, евросоюз",1,2026-02-03 00:00:00+00:00
15,"бразилии, визита, делегации, визит, обсудить",1,2026-02-03 00:00:00+00:00
21,"назначен, кремля, назначил, министра иностранных, заместителя",3,2026-02-03 00:00:00+00:00
22,"задержали, задержан, гражданство, гражданин, ареста",3,2026-02-03 00:00:00+00:00
23,"переговоры, обсудили, разговор, телефонный разговор, литвы",1,2026-02-03 00:00:00+00:00
24,"крым, крыму, крыма, украинских, началось",2,2026-02-03 00:00:00+00:00
26,"протестующих, протесты, властей, пытается, толпа",1,2026-02-03 00:00:00+00:00
28,"флота, флот, кораблей, ситуацию, действовать",8,2026-02-03 00:00:00+00:00
29,"родился, день, февраля, основатель, русский",6,2026-02-03 00:00:00+00:00
30,"глава государства, убит, борту, возглавил, целью",2,2026-02-03 00:00:00+00:00
-1,"конфликта, переговоры, переговоров, кремля, война",1018,2026-03-05 00:00:00+00:00
0,"россию, кремля, россией, главное, сказал",831,2026-03-05 00:00:00+00:00
1,"переговоры, власть, переговоров, оппозиции, президенты",13,2026-03-05 00:00:00+00:00
3,"официально, врагом, объявил, ядерной, республику",3,2026-03-05 00:00:00+00:00
4,"выборы, левых, выборах, выборов, опасения",1,2026-03-05 00:00:00+00:00
6,"готовности, готовы, украина, мирным, украины",2,2026-03-05 00:00:00+00:00
8,"военнослужащих, военнослужащие, войска, войск, военного",7,2026-03-05 00:00:00+00:00
9,"заместителя, министр внутренних, внутренних дел, назначен, замминистра",5,2026-03-05 00:00:00+00:00
21,"указом, отставке, указа, подписал указ, кремля",1,2026-03-05 00:00:00+00:00
22,"задержали, задержан, ареста, террористов, антироссийские",3,2026-03-05 00:00:00+00:00
24,"крыму, крым, крыма, проголосовали, ветераны",14,2026-03-05 00:00:00+00:00
28,"борту, флота, кораблей, судна, флот",9,2026-03-05 00:00:00+00:00
29,"родился, день, 24, сергей, русский",1,2026-03-05 00:00:00+00:00
30,"запретили, запретил, санкции против, официально, борту",5,2026-03-05 00:00:00+00:00
-1,"говорит, конфликта, кремля, переговоров, переговоры",633,2026-04-04 00:00:00+00:00
0,"американцы, иран, главное, снова, нужно",418,2026-04-04 00:00:00+00:00
1,"властями, американцами, говорится, готовы, готов",8,2026-04-04 00:00:00+00:00
4,"отставку, конституцию, коррупции, ситуацию, политикой",2,2026-04-04 00:00:00+00:00
5,"снижение, плохо, негативно, россиян, обстановку",2,2026-04-04 00:00:00+00:00
6,"кремля, кремле, кремль, прекращении, объявил",47,2026-04-04 00:00:00+00:00
8,"обороны, великой отечественной, главнокомандующего, отмечают, армии",3,2026-04-04 00:00:00+00:00
18,"самолета, самолет, инцидент, произошел, произошедшего",2,2026-04-04 00:00:00+00:00
22,"задержан, ареста, терроризма, задержали, митинги",1,2026-04-04 00:00:00+00:00
26,"мире, человек, протесты, победит, иной",2,2026-04-04 00:00:00+00:00
28,"беспилотников, дронов, дроны, украинских, проводят",3,2026-04-04 00:00:00+00:00
